https://github.com/cms-sw/cmssw/pull/33492/files, https://github.com/cms-sw/cmssw/pull/28649/files, 92, cmssw_9_4_x
https://github.com/cms-sw/cmssw/pull/33281/files, https://github.com/cms-sw/cmssw/pull/33078/files, 0, cmssw_11_2_x
https://github.com/cms-sw/cmssw/pull/33177/files, https://github.com/cms-sw/cmssw/pull/33176/files, 64, cmssw_11_2_x
https://github.com/cms-sw/cmssw/pull/33153/files, https://github.com/cms-sw/cmssw/pull/33150/files, 63, cmssw_10_6_x
https://github.com/cms-sw/cmssw/pull/32871/files, https://github.com/cms-sw/cmssw/pull/32870/files, 10, cmssw_11_2_x
https://github.com/cms-sw/cmssw/pull/32798/files, https://github.com/cms-sw/cmssw/pull/32797/files, 33, cmssw_11_2_x
https://github.com/cms-sw/cmssw/pull/32773/files, https://github.com/cms-sw/cmssw/pull/32361/files, 0, cmssw_11_2_x
https://github.com/cms-sw/cmssw/pull/32647/files, https://github.com/cms-sw/cmssw/pull/31988/files, 47, cmssw_10_6_x
https://github.com/cms-sw/cmssw/pull/32474/files, https://github.com/cms-sw/cmssw/pull/32454/files, 0, cmssw_11_1_x
https://github.com/cms-sw/cmssw/pull/32372/files, https://github.com/cms-sw/cmssw/pull/31220/files, 47, cmssw_10_6_x
https://github.com/cms-sw/cmssw/pull/32323/files, https://github.com/cms-sw/cmssw/pull/32284/files, 0, cmssw_11_2_x
https://github.com/cms-sw/cmssw/pull/32320/files, https://github.com/cms-sw/cmssw/pull/32137/files, 0, cmssw_11_1_x
https://github.com/cms-sw/cmssw/pull/31990/files, https://github.com/cms-sw/cmssw/pull/31667/files, 33, cmssw_11_1_x
https://github.com/cms-sw/cmssw/pull/31967/files, https://github.com/cms-sw/cmssw/pull/31965/files, 96, cmssw_11_1_x
https://github.com/cms-sw/cmssw/pull/31679/files, https://github.com/cms-sw/cmssw/pull/31608/files, 1, cmssw_11_1_x
https://github.com/cms-sw/cmssw/pull/31615/files, https://github.com/cms-sw/cmssw/pull/35/files, 100, cmssw_10_6_x
https://github.com/cms-sw/cmssw/pull/31607/files, https://github.com/cms-sw/cmssw/pull/31606/files, 1, cmssw_11_1_x
https://github.com/cms-sw/cmssw/pull/31478/files, https://github.com/cms-sw/cmssw/pull/31441/files, 4, cmssw_11_1_x
https://github.com/cms-sw/cmssw/pull/31477/files, https://github.com/cms-sw/cmssw/pull/31441/files, 4, cmssw_10_6_x
https://github.com/cms-sw/cmssw/pull/31076/files, https://github.com/cms-sw/cmssw/pull/30965/files, 1, cmssw_11_1_x
https://github.com/cms-sw/cmssw/pull/31063/files, https://github.com/cms-sw/cmssw/pull/29212/files, 49, cmssw_10_6_x
https://github.com/cms-sw/cmssw/pull/30884/files, https://github.com/cms-sw/cmssw/pull/30882/files, 8, cmssw_11_1_x
https://github.com/cms-sw/cmssw/pull/30684/files, https://github.com/cms-sw/cmssw/pull/30683/files, 0, cmssw_11_1_x
https://github.com/cms-sw/cmssw/pull/30649/files, https://github.com/cms-sw/cmssw/pull/28721/files, 91, cmssw_10_6_x
https://github.com/cms-sw/cmssw/pull/30584/files, https://github.com/cms-sw/cmssw/pull/30/files, 100, cmssw_10_6_x
https://github.com/cms-sw/cmssw/pull/30550/files, https://github.com/cms-sw/cmssw/pull/30549/files, 0, cmssw_11_1_x
https://github.com/cms-sw/cmssw/pull/30542/files, https://github.com/cms-sw/cmssw/pull/30016/files, 14, cmssw_10_6_x
https://github.com/cms-sw/cmssw/pull/30531/files, https://github.com/cms-sw/cmssw/pull/30520/files, 58, cmssw_11_1_x
https://github.com/cms-sw/cmssw/pull/30523/files, https://github.com/cms-sw/cmssw/pull/30510/files, 1, cmssw_11_1_x
https://github.com/cms-sw/cmssw/pull/30520/files, https://github.com/cms-sw/cmssw/pull/30325/files, 100, cmssw_11_1_x
https://github.com/cms-sw/cmssw/pull/30511/files, https://github.com/cms-sw/cmssw/pull/30323/files, 99, cmssw_11_1_x
https://github.com/cms-sw/cmssw/pull/30503/files, https://github.com/cms-sw/cmssw/pull/30448/files, 1, cmssw_11_1_x
https://github.com/cms-sw/cmssw/pull/30481/files, https://github.com/cms-sw/cmssw/pull/28899/files, 9, cmssw_10_6_x
https://github.com/cms-sw/cmssw/pull/30238/files, https://github.com/cms-sw/cmssw/pull/30006/files, 14, cmssw_11_1_x
https://github.com/cms-sw/cmssw/pull/30078/files, https://github.com/cms-sw/cmssw/pull/30077/files, 0, cmssw_11_1_x
https://github.com/cms-sw/cmssw/pull/30062/files, https://github.com/cms-sw/cmssw/pull/30059/files, 0, cmssw_11_1_x
https://github.com/cms-sw/cmssw/pull/30056/files, https://github.com/cms-sw/cmssw/pull/30055/files, 0, cmssw_11_1_x
https://github.com/cms-sw/cmssw/pull/30053/files, https://github.com/cms-sw/cmssw/pull/28913/files, 8, cmssw_10_6_x
https://github.com/cms-sw/cmssw/pull/30040/files, https://github.com/cms-sw/cmssw/pull/29527/files, 0, cmssw_11_1_x
https://github.com/cms-sw/cmssw/pull/30028/files, https://github.com/cms-sw/cmssw/pull/29947/files, 0, cmssw_11_1_x
https://github.com/cms-sw/cmssw/pull/29986/files, https://github.com/cms-sw/cmssw/pull/29959/files, 95, cmssw_11_1_x
https://github.com/cms-sw/cmssw/pull/29980/files, https://github.com/cms-sw/cmssw/pull/29938/files, 0, cmssw_11_1_x
https://github.com/cms-sw/cmssw/pull/29978/files, https://github.com/cms-sw/cmssw/pull/28417/files, 98, cmssw_11_1_x
https://github.com/cms-sw/cmssw/pull/29323/files, https://github.com/cms-sw/cmssw/pull/29271/files, 1, cmssw_10_6_x
https://github.com/cms-sw/cmssw/pull/29322/files, https://github.com/cms-sw/cmssw/pull/29271/files, 1, cmssw_10_2_x
https://github.com/cms-sw/cmssw/pull/29256/files, https://github.com/cms-sw/cmssw/pull/29255/files, 60, cmssw_11_0_x
https://github.com/cms-sw/cmssw/pull/29130/files, https://github.com/cms-sw/cmssw/pull/29000/files, 100, cmssw_9_2_x
https://github.com/cms-sw/cmssw/pull/28989/files, https://github.com/cms-sw/cmssw/pull/28624/files, 22, cmssw_10_6_x
https://github.com/cms-sw/cmssw/pull/28878/files, https://github.com/cms-sw/cmssw/pull/28769/files, 0, cmssw_11_0_x
https://github.com/cms-sw/cmssw/pull/28831/files, https://github.com/cms-sw/cmssw/pull/27175/files, 75, cmssw_10_6_x
https://github.com/cms-sw/cmssw/pull/28824/files, https://github.com/cms-sw/cmssw/pull/28624/files, 0, cmssw_11_0_x
https://github.com/cms-sw/cmssw/pull/28817/files, https://github.com/cms-sw/cmssw/pull/28785/files, 17, cmssw_9_4_x
https://github.com/cms-sw/cmssw/pull/28720/files, https://github.com/cms-sw/cmssw/pull/28492/files, 28, cmssw_10_6_x
https://github.com/cms-sw/cmssw/pull/28661/files, https://github.com/cms-sw/cmssw/pull/28435/files, 0, cmssw_11_0_x
https://github.com/cms-sw/cmssw/pull/28649/files, https://github.com/cms-sw/cmssw/pull/26905/files, 93, cmssw_9_4_x
https://github.com/cms-sw/cmssw/pull/28610/files, https://github.com/cms-sw/cmssw/pull/28561/files, 56, cmssw_7_1_x
https://github.com/cms-sw/cmssw/pull/28607/files, https://github.com/cms-sw/cmssw/pull/28561/files, 15, cmssw_8_0_x
https://github.com/cms-sw/cmssw/pull/28602/files, https://github.com/cms-sw/cmssw/pull/28561/files, 12, cmssw_9_3_x
https://github.com/cms-sw/cmssw/pull/28597/files, https://github.com/cms-sw/cmssw/pull/28561/files, 12, cmssw_9_4_x
https://github.com/cms-sw/cmssw/pull/28589/files, https://github.com/cms-sw/cmssw/pull/28561/files, 10, cmssw_10_2_x
https://github.com/cms-sw/cmssw/pull/28587/files, https://github.com/cms-sw/cmssw/pull/28561/files, 1, cmssw_10_6_x
https://github.com/cms-sw/cmssw/pull/28586/files, https://github.com/cms-sw/cmssw/pull/28561/files, 1, cmssw_11_0_x
https://github.com/cms-sw/cmssw/pull/28538/files, https://github.com/cms-sw/cmssw/pull/28537/files, 0, cmssw_11_0_x
https://github.com/cms-sw/cmssw/pull/28520/files, https://github.com/cms-sw/cmssw/pull/28519/files, 0, cmssw_11_0_x
https://github.com/cms-sw/cmssw/pull/28518/files, https://github.com/cms-sw/cmssw/pull/28480/files, 8, cmssw_10_2_x
https://github.com/cms-sw/cmssw/pull/28517/files, https://github.com/cms-sw/cmssw/pull/28480/files, 8, cmssw_10_6_x
https://github.com/cms-sw/cmssw/pull/28160/files, https://github.com/cms-sw/cmssw/pull/28024/files, 90, cmssw_10_6_x
https://github.com/cms-sw/cmssw/pull/28126/files, https://github.com/cms-sw/cmssw/pull/28125/files, 1, cmssw_10_6_x
https://github.com/cms-sw/cmssw/pull/28098/files, https://github.com/cms-sw/cmssw/pull/28096/files, 84, cmssw_10_2_x
https://github.com/cms-sw/cmssw/pull/28097/files, https://github.com/cms-sw/cmssw/pull/28096/files, 84, cmssw_10_6_x
https://github.com/cms-sw/cmssw/pull/28046/files, https://github.com/cms-sw/cmssw/pull/27882/files, 3, cmssw_10_6_x
https://github.com/cms-sw/cmssw/pull/27936/files, https://github.com/cms-sw/cmssw/pull/27656/files, 1, cmssw_10_6_x
https://github.com/cms-sw/cmssw/pull/27882/files, https://github.com/cms-sw/cmssw/pull/27878/files, 33, cmssw_10_6_x
https://github.com/cms-sw/cmssw/pull/27879/files, https://github.com/cms-sw/cmssw/pull/27878/files, 71, cmssw_10_2_x
https://github.com/cms-sw/cmssw/pull/27537/files, https://github.com/cms-sw/cmssw/pull/27536/files, 0, cmssw_10_6_x
https://github.com/cms-sw/cmssw/pull/27148/files, https://github.com/cms-sw/cmssw/pull/26796/files, 2, cmssw_10_2_x
https://github.com/cms-sw/cmssw/pull/27146/files, https://github.com/cms-sw/cmssw/pull/26796/files, 1, cmssw_10_6_x
https://github.com/cms-sw/cmssw/pull/27130/files, https://github.com/cms-sw/cmssw/pull/27050/files, 39, cmssw_10_6_x
https://github.com/cms-sw/cmssw/pull/26881/files, https://github.com/cms-sw/cmssw/pull/26853/files, 6, cmssw_9_3_x
https://github.com/cms-sw/cmssw/pull/26845/files, https://github.com/cms-sw/cmssw/pull/26844/files, 64, cmssw_10_6_x
https://github.com/cms-sw/cmssw/pull/26787/files, https://github.com/cms-sw/cmssw/pull/26749/files, 1, cmssw_10_6_x
https://github.com/cms-sw/cmssw/pull/26399/files, https://github.com/cms-sw/cmssw/pull/26168/files, 7, cmssw_9_4_x
https://github.com/cms-sw/cmssw/pull/26362/files, https://github.com/cms-sw/cmssw/pull/26248/files, 1, cmssw_10_2_x
https://github.com/cms-sw/cmssw/pull/26168/files, https://github.com/cms-sw/cmssw/pull/26045/files, 73, cmssw_9_4_maod_x
https://github.com/cms-sw/cmssw/pull/25887/files, https://github.com/cms-sw/cmssw/pull/25753/files, 5, cmssw_10_2_x
https://github.com/cms-sw/cmssw/pull/25767/files, https://github.com/cms-sw/cmssw/pull/25692/files, 0, cmssw_10_4_x
https://github.com/cms-sw/cmssw/pull/25541/files, https://github.com/cms-sw/cmssw/pull/25063/files, 3, cmssw_10_4_x
https://github.com/cms-sw/cmssw/pull/25540/files, https://github.com/cms-sw/cmssw/pull/25063/files, 3, cmssw_10_4_x
https://github.com/cms-sw/cmssw/pull/25488/files, https://github.com/cms-sw/cmssw/pull/25486/files, 2, cmssw_9_4_x
https://github.com/cms-sw/cmssw/pull/25487/files, https://github.com/cms-sw/cmssw/pull/25486/files, 1, cmssw_10_2_x
https://github.com/cms-sw/cmssw/pull/25386/files, https://github.com/cms-sw/cmssw/pull/25016/files, 1, cmssw_10_2_x
https://github.com/cms-sw/cmssw/pull/25385/files, https://github.com/cms-sw/cmssw/pull/25016/files, 1, cmssw_9_4_x
https://github.com/cms-sw/cmssw/pull/25375/files, https://github.com/cms-sw/cmssw/pull/25374/files, 16, cmssw_10_3_x
https://github.com/cms-sw/cmssw/pull/25372/files, https://github.com/cms-sw/cmssw/pull/25293/files, 73, cmssw_10_2_x
https://github.com/cms-sw/cmssw/pull/25371/files, https://github.com/cms-sw/cmssw/pull/24918/files, 26, cmssw_9_4_x
https://github.com/cms-sw/cmssw/pull/25370/files, https://github.com/cms-sw/cmssw/pull/24918/files, 27, cmssw_10_2_x
https://github.com/cms-sw/cmssw/pull/25313/files, https://github.com/cms-sw/cmssw/pull/4518/files, 100, cmssw_10_2_x
https://github.com/cms-sw/cmssw/pull/25159/files, https://github.com/cms-sw/cmssw/pull/72/files, 100, cmssw_10_2_x
https://github.com/cms-sw/cmssw/pull/25108/files, https://github.com/cms-sw/cmssw/pull/25030/files, 3, cmssw_10_3_x
https://github.com/cms-sw/cmssw/pull/25034/files, https://github.com/cms-sw/cmssw/pull/24993/files, 1, cmssw_10_3_x
https://github.com/cms-sw/cmssw/pull/24926/files, https://github.com/cms-sw/cmssw/pull/24925/files, 0, cmssw_10_3_x
https://github.com/cms-sw/cmssw/pull/24907/files, https://github.com/cms-sw/cmssw/pull/24613/files, 16, cmssw_10_3_x
https://github.com/cms-sw/cmssw/pull/24903/files, https://github.com/cms-sw/cmssw/pull/24613/files, 99, cmssw_10_3_x
https://github.com/cms-sw/cmssw/pull/24857/files, https://github.com/cms-sw/cmssw/pull/24847/files, 5, cmssw_10_3_x
https://github.com/cms-sw/cmssw/pull/24576/files, https://github.com/cms-sw/cmssw/pull/24527/files, 100, cmssw_10_3_x
https://github.com/cms-sw/cmssw/pull/24574/files, https://github.com/cms-sw/cmssw/pull/24573/files, 2, cmssw_10_2_x
https://github.com/cms-sw/cmssw/pull/24482/files, https://github.com/cms-sw/cmssw/pull/24339/files, 1, cmssw_10_2_x
https://github.com/cms-sw/cmssw/pull/24477/files, https://github.com/cms-sw/cmssw/pull/24468/files, 1, cmssw_10_2_x
https://github.com/cms-sw/cmssw/pull/24443/files, https://github.com/cms-sw/cmssw/pull/24439/files, 0, cmssw_10_2_x
https://github.com/cms-sw/cmssw/pull/24417/files, https://github.com/cms-sw/cmssw/pull/20666/files, 2, cmssw_9_4_x
https://github.com/cms-sw/cmssw/pull/24278/files, https://github.com/cms-sw/cmssw/pull/24277/files, 0, cmssw_10_2_x
https://github.com/cms-sw/cmssw/pull/24237/files, https://github.com/cms-sw/cmssw/pull/24242/files, 1, cmssw_10_2_x
https://github.com/cms-sw/cmssw/pull/24233/files, https://github.com/cms-sw/cmssw/pull/24192/files, 2, cmssw_10_2_x
https://github.com/cms-sw/cmssw/pull/24218/files, https://github.com/cms-sw/cmssw/pull/24213/files, 0, cmssw_10_2_x
https://github.com/cms-sw/cmssw/pull/24176/files, https://github.com/cms-sw/cmssw/pull/24175/files, 15, cmssw_8_0_x
https://github.com/cms-sw/cmssw/pull/23951/files, https://github.com/cms-sw/cmssw/pull/23949/files, 46, cmssw_10_1_x
https://github.com/cms-sw/cmssw/pull/23950/files, https://github.com/cms-sw/cmssw/pull/23949/files, 1, cmssw_10_2_x
https://github.com/cms-sw/cmssw/pull/23948/files, https://github.com/cms-sw/cmssw/pull/23944/files, 1, cmssw_10_1_x
https://github.com/cms-sw/cmssw/pull/23947/files, https://github.com/cms-sw/cmssw/pull/23944/files, 1, cmssw_10_2_x
https://github.com/cms-sw/cmssw/pull/23946/files, https://github.com/cms-sw/cmssw/pull/23942/files, 0, cmssw_10_1_x
https://github.com/cms-sw/cmssw/pull/23945/files, https://github.com/cms-sw/cmssw/pull/23942/files, 0, cmssw_10_2_x
https://github.com/cms-sw/cmssw/pull/23897/files, https://github.com/cms-sw/cmssw/pull/23577/files, 0, cmssw_10_1_x
https://github.com/cms-sw/cmssw/pull/23620/files, https://github.com/cms-sw/cmssw/pull/129/files, 100, cmssw_10_1_x
https://github.com/cms-sw/cmssw/pull/23582/files, https://github.com/cms-sw/cmssw/pull/23033/files, 1, cmssw_9_4_x
https://github.com/cms-sw/cmssw/pull/23559/files, https://github.com/cms-sw/cmssw/pull/23558/files, 1, cmssw_10_1_x
https://github.com/cms-sw/cmssw/pull/23516/files, https://github.com/cms-sw/cmssw/pull/23494/files, 36, cmssw_10_1_x
https://github.com/cms-sw/cmssw/pull/23494/files, https://github.com/cms-sw/cmssw/pull/23493/files, 6, cmssw_10_1_x
https://github.com/cms-sw/cmssw/pull/23478/files, https://github.com/cms-sw/cmssw/pull/23476/files, 1, cmssw_10_1_x
https://github.com/cms-sw/cmssw/pull/23461/files, https://github.com/cms-sw/cmssw/pull/23458/files, 6, cmssw_10_1_x
https://github.com/cms-sw/cmssw/pull/23456/files, https://github.com/cms-sw/cmssw/pull/23448/files, 0, cmssw_10_1_x
https://github.com/cms-sw/cmssw/pull/23445/files, https://github.com/cms-sw/cmssw/pull/4078/files, 100, cmssw_9_4_x
https://github.com/cms-sw/cmssw/pull/23438/files, https://github.com/cms-sw/cmssw/pull/23431/files, 0, cmssw_9_4_x
https://github.com/cms-sw/cmssw/pull/23436/files, https://github.com/cms-sw/cmssw/pull/23431/files, 0, cmssw_10_1_x
https://github.com/cms-sw/cmssw/pull/23364/files, https://github.com/cms-sw/cmssw/pull/23349/files, 0, cmssw_10_1_x
https://github.com/cms-sw/cmssw/pull/23354/files, https://github.com/cms-sw/cmssw/pull/22915/files, 73, cmssw_10_1_x
https://github.com/cms-sw/cmssw/pull/23352/files, https://github.com/cms-sw/cmssw/pull/22796/files, 26, cmssw_10_1_x
https://github.com/cms-sw/cmssw/pull/23302/files, https://github.com/cms-sw/cmssw/pull/23301/files, 0, cmssw_10_1_x
https://github.com/cms-sw/cmssw/pull/23293/files, https://github.com/cms-sw/cmssw/pull/23079/files, 17, cmssw_10_1_x
https://github.com/cms-sw/cmssw/pull/23277/files, https://github.com/cms-sw/cmssw/pull/22820/files, 52, cmssw_10_1_x
https://github.com/cms-sw/cmssw/pull/23167/files, https://github.com/cms-sw/cmssw/pull/21743/files, 6, cmssw_9_4_x
https://github.com/cms-sw/cmssw/pull/23127/files, https://github.com/cms-sw/cmssw/pull/23025/files, 0, cmssw_10_1_x
https://github.com/cms-sw/cmssw/pull/23107/files, https://github.com/cms-sw/cmssw/pull/23106/files, 4, cmssw_9_4_x
https://github.com/cms-sw/cmssw/pull/23079/files, https://github.com/cms-sw/cmssw/pull/23077/files, 1, cmssw_10_1_x
https://github.com/cms-sw/cmssw/pull/22931/files, https://github.com/cms-sw/cmssw/pull/22915/files, 63, cmssw_10_1_x
https://github.com/cms-sw/cmssw/pull/22930/files, https://github.com/cms-sw/cmssw/pull/22796/files, 1, cmssw_10_1_x
https://github.com/cms-sw/cmssw/pull/22916/files, https://github.com/cms-sw/cmssw/pull/22447/files, 0, cmssw_10_1_x
https://github.com/cms-sw/cmssw/pull/22880/files, https://github.com/cms-sw/cmssw/pull/22716/files, 0, cmssw_10_1_x
https://github.com/cms-sw/cmssw/pull/22876/files, https://github.com/cms-sw/cmssw/pull/22716/files, 1, cmssw_10_1_x
https://github.com/cms-sw/cmssw/pull/22858/files, https://github.com/cms-sw/cmssw/pull/22447/files, 1, cmssw_10_1_x
https://github.com/cms-sw/cmssw/pull/22819/files, https://github.com/cms-sw/cmssw/pull/22731/files, 0, cmssw_10_1_x
https://github.com/cms-sw/cmssw/pull/22709/files, https://github.com/cms-sw/cmssw/pull/20929/files, 100, cmssw_10_0_x
https://github.com/cms-sw/cmssw/pull/22652/files, https://github.com/cms-sw/cmssw/pull/22619/files, 60, cmssw_10_0_x
https://github.com/cms-sw/cmssw/pull/22617/files, https://github.com/cms-sw/cmssw/pull/22590/files, 47, cmssw_10_0_x
https://github.com/cms-sw/cmssw/pull/22588/files, https://github.com/cms-sw/cmssw/pull/22584/files, 4, cmssw_9_3_x
https://github.com/cms-sw/cmssw/pull/22580/files, https://github.com/cms-sw/cmssw/pull/22500/files, 0, cmssw_10_0_x
https://github.com/cms-sw/cmssw/pull/22480/files, https://github.com/cms-sw/cmssw/pull/22387/files, 2, cmssw_9_3_x
https://github.com/cms-sw/cmssw/pull/22471/files, https://github.com/cms-sw/cmssw/pull/21681/files, 7, cmssw_10_0_x
https://github.com/cms-sw/cmssw/pull/22302/files, https://github.com/cms-sw/cmssw/pull/21975/files, 0, cmssw_9_4_maod_x
https://github.com/cms-sw/cmssw/pull/22296/files, https://github.com/cms-sw/cmssw/pull/21728/files, 1, cmssw_9_3_x
https://github.com/cms-sw/cmssw/pull/22189/files, https://github.com/cms-sw/cmssw/pull/21812/files, 4, cmssw_10_0_x
https://github.com/cms-sw/cmssw/pull/21941/files, https://github.com/cms-sw/cmssw/pull/21759/files, 1, cmssw_9_4_x
https://github.com/cms-sw/cmssw/pull/21622/files, https://github.com/cms-sw/cmssw/pull/21392/files, 2, cmssw_9_4_x
https://github.com/cms-sw/cmssw/pull/21616/files, https://github.com/cms-sw/cmssw/pull/21486/files, 0, cmssw_9_4_x
https://github.com/cms-sw/cmssw/pull/21472/files, https://github.com/cms-sw/cmssw/pull/21471/files, 1, cmssw_9_4_x
https://github.com/cms-sw/cmssw/pull/21301/files, https://github.com/cms-sw/cmssw/pull/20889/files, 0, cmssw_9_4_x
https://github.com/cms-sw/cmssw/pull/21300/files, https://github.com/cms-sw/cmssw/pull/21095/files, 1, cmssw_9_4_x
https://github.com/cms-sw/cmssw/pull/21215/files, https://github.com/cms-sw/cmssw/pull/20940/files, 0, cmssw_9_4_x
https://github.com/cms-sw/cmssw/pull/21161/files, https://github.com/cms-sw/cmssw/pull/21158/files, 0, cmssw_9_2_x
https://github.com/cms-sw/cmssw/pull/21069/files, https://github.com/cms-sw/cmssw/pull/20749/files, 87, cmssw_9_4_x
https://github.com/cms-sw/cmssw/pull/21027/files, https://github.com/cms-sw/cmssw/pull/20946/files, 0, cmssw_9_4_x
https://github.com/cms-sw/cmssw/pull/20718/files, https://github.com/cms-sw/cmssw/pull/20717/files, 0, cmssw_9_2_x
https://github.com/cms-sw/cmssw/pull/20650/files, https://github.com/cms-sw/cmssw/pull/20649/files, 1, cmssw_9_2_x
https://github.com/cms-sw/cmssw/pull/20594/files, https://github.com/cms-sw/cmssw/pull/20593/files, 0, cmssw_9_2_x
https://github.com/cms-sw/cmssw/pull/20542/files, https://github.com/cms-sw/cmssw/pull/20502/files, 1, cmssw_9_2_x
https://github.com/cms-sw/cmssw/pull/20501/files, https://github.com/cms-sw/cmssw/pull/20499/files, 0, cmssw_9_2_x
https://github.com/cms-sw/cmssw/pull/20500/files, https://github.com/cms-sw/cmssw/pull/20499/files, 0, cmssw_9_3_x
https://github.com/cms-sw/cmssw/pull/20452/files, https://github.com/cms-sw/cmssw/pull/20356/files, 0, cmssw_9_3_x
https://github.com/cms-sw/cmssw/pull/20369/files, https://github.com/cms-sw/cmssw/pull/20366/files, 9, cmssw_9_2_x
https://github.com/cms-sw/cmssw/pull/20232/files, https://github.com/cms-sw/cmssw/pull/20227/files, 1, cmssw_9_2_x
https://github.com/cms-sw/cmssw/pull/20174/files, https://github.com/cms-sw/cmssw/pull/20168/files, 8, cmssw_9_2_x
https://github.com/cms-sw/cmssw/pull/20087/files, https://github.com/cms-sw/cmssw/pull/19704/files, 82, cmssw_9_2_x
https://github.com/cms-sw/cmssw/pull/20043/files, https://github.com/cms-sw/cmssw/pull/19441/files, 1, cmssw_9_2_x
https://github.com/cms-sw/cmssw/pull/20018/files, https://github.com/cms-sw/cmssw/pull/19922/files, 1, cmssw_9_2_x
https://github.com/cms-sw/cmssw/pull/19911/files, https://github.com/cms-sw/cmssw/pull/19793/files, 2, cmssw_9_2_x
https://github.com/cms-sw/cmssw/pull/19909/files, https://github.com/cms-sw/cmssw/pull/19470/files, 3, cmssw_9_2_x
https://github.com/cms-sw/cmssw/pull/19831/files, https://github.com/cms-sw/cmssw/pull/19829/files, 1, cmssw_9_2_x
https://github.com/cms-sw/cmssw/pull/19830/files, https://github.com/cms-sw/cmssw/pull/19754/files, 0, cmssw_9_2_x
https://github.com/cms-sw/cmssw/pull/19825/files, https://github.com/cms-sw/cmssw/pull/19823/files, 0, cmssw_9_2_x
https://github.com/cms-sw/cmssw/pull/19821/files, https://github.com/cms-sw/cmssw/pull/19447/files, 43, cmssw_9_2_x
https://github.com/cms-sw/cmssw/pull/19669/files, https://github.com/cms-sw/cmssw/pull/19427/files, 1, cmssw_9_2_x
https://github.com/cms-sw/cmssw/pull/19615/files, https://github.com/cms-sw/cmssw/pull/19507/files, 0, cmssw_9_2_x
https://github.com/cms-sw/cmssw/pull/19544/files, https://github.com/cms-sw/cmssw/pull/19543/files, 100, cmssw_9_2_x
https://github.com/cms-sw/cmssw/pull/19540/files, https://github.com/cms-sw/cmssw/pull/19539/files, 0, cmssw_9_2_x
https://github.com/cms-sw/cmssw/pull/19449/files, https://github.com/cms-sw/cmssw/pull/19404/files, 100, cmssw_9_2_x
https://github.com/cms-sw/cmssw/pull/19445/files, https://github.com/cms-sw/cmssw/pull/19444/files, 100, cmssw_9_2_x
https://github.com/cms-sw/cmssw/pull/19434/files, https://github.com/cms-sw/cmssw/pull/19185/files, 0, cmssw_9_2_x
https://github.com/cms-sw/cmssw/pull/19431/files, https://github.com/cms-sw/cmssw/pull/19235/files, 0, cmssw_9_2_x
https://github.com/cms-sw/cmssw/pull/19027/files, https://github.com/cms-sw/cmssw/pull/18966/files, 2, cmssw_9_2_0_patchx
https://github.com/cms-sw/cmssw/pull/18695/files, https://github.com/cms-sw/cmssw/pull/18493/files, 0, cmssw_9_1_x
https://github.com/cms-sw/cmssw/pull/18573/files, https://github.com/cms-sw/cmssw/pull/18561/files, 0, cmssw_9_1_x
https://github.com/cms-sw/cmssw/pull/18570/files, https://github.com/cms-sw/cmssw/pull/18550/files, 0, cmssw_9_1_x
https://github.com/cms-sw/cmssw/pull/18551/files, https://github.com/cms-sw/cmssw/pull/18550/files, 1, cmssw_9_0_x
https://github.com/cms-sw/cmssw/pull/18341/files, https://github.com/cms-sw/cmssw/pull/16174/files, 21, cmssw_8_0_x
https://github.com/cms-sw/cmssw/pull/18285/files, https://github.com/cms-sw/cmssw/pull/18016/files, 99, cmssw_9_0_x
https://github.com/cms-sw/cmssw/pull/18238/files, https://github.com/cms-sw/cmssw/pull/17817/files, 1, cmssw_8_0_x
https://github.com/cms-sw/cmssw/pull/18178/files, https://github.com/cms-sw/cmssw/pull/18177/files, 1, cmssw_9_0_x
https://github.com/cms-sw/cmssw/pull/18139/files, https://github.com/cms-sw/cmssw/pull/18138/files, 0, cmssw_9_0_x
https://github.com/cms-sw/cmssw/pull/18116/files, https://github.com/cms-sw/cmssw/pull/18115/files, 1, cmssw_8_0_x
https://github.com/cms-sw/cmssw/pull/18098/files, https://github.com/cms-sw/cmssw/pull/18097/files, 0, cmssw_9_0_x
https://github.com/cms-sw/cmssw/pull/17921/files, https://github.com/cms-sw/cmssw/pull/17920/files, 1, cmssw_9_0_x
https://github.com/cms-sw/cmssw/pull/17853/files, https://github.com/cms-sw/cmssw/pull/17852/files, 13, cmssw_9_0_x
https://github.com/cms-sw/cmssw/pull/17815/files, https://github.com/cms-sw/cmssw/pull/16010/files, 62, cmssw_8_0_x
https://github.com/cms-sw/cmssw/pull/17584/files, https://github.com/cms-sw/cmssw/pull/17247/files, 4, cmssw_8_0_x
https://github.com/cms-sw/cmssw/pull/17198/files, https://github.com/cms-sw/cmssw/pull/17052/files, 28, cmssw_9_0_x
https://github.com/cms-sw/cmssw/pull/17189/files, https://github.com/cms-sw/cmssw/pull/16704/files, 1, cmssw_8_1_x
https://github.com/cms-sw/cmssw/pull/16947/files, https://github.com/cms-sw/cmssw/pull/16945/files, 0, cmssw_8_1_x
https://github.com/cms-sw/cmssw/pull/16946/files, https://github.com/cms-sw/cmssw/pull/16945/files, 0, cmssw_8_0_x
https://github.com/cms-sw/cmssw/pull/16899/files, https://github.com/cms-sw/cmssw/pull/16898/files, 0, cmssw_8_1_x
https://github.com/cms-sw/cmssw/pull/16891/files, https://github.com/cms-sw/cmssw/pull/16440/files, 14, cmssw_9_0_x
https://github.com/cms-sw/cmssw/pull/16834/files, https://github.com/cms-sw/cmssw/pull/16827/files, 0, cmssw_8_1_x
https://github.com/cms-sw/cmssw/pull/16750/files, https://github.com/cms-sw/cmssw/pull/16749/files, 0, cmssw_8_1_x
https://github.com/cms-sw/cmssw/pull/16451/files, https://github.com/cms-sw/cmssw/pull/16449/files, 0, cmssw_8_0_x
https://github.com/cms-sw/cmssw/pull/16174/files, https://github.com/cms-sw/cmssw/pull/16140/files, 51, cmssw_8_0_x
https://github.com/cms-sw/cmssw/pull/16115/files, https://github.com/cms-sw/cmssw/pull/16074/files, 1, cmssw_8_0_x
https://github.com/cms-sw/cmssw/pull/16023/files, https://github.com/cms-sw/cmssw/pull/15723/files, 47, cmssw_7_1_x
https://github.com/cms-sw/cmssw/pull/15923/files, https://github.com/cms-sw/cmssw/pull/15928/files, 76, cmssw_8_0_x
https://github.com/cms-sw/cmssw/pull/15919/files, https://github.com/cms-sw/cmssw/pull/15798/files, 1, cmssw_8_0_x
https://github.com/cms-sw/cmssw/pull/15911/files, https://github.com/cms-sw/cmssw/pull/15910/files, 0, cmssw_8_0_x
https://github.com/cms-sw/cmssw/pull/15803/files, https://github.com/cms-sw/cmssw/pull/15802/files, 0, cmssw_8_0_x
https://github.com/cms-sw/cmssw/pull/15762/files, https://github.com/cms-sw/cmssw/pull/15761/files, 1, cmssw_8_0_x
https://github.com/cms-sw/cmssw/pull/15643/files, https://github.com/cms-sw/cmssw/pull/15642/files, 0, cmssw_8_0_x
https://github.com/cms-sw/cmssw/pull/15600/files, https://github.com/cms-sw/cmssw/pull/15565/files, 43, cmssw_8_0_x
https://github.com/cms-sw/cmssw/pull/15584/files, https://github.com/cms-sw/cmssw/pull/15301/files, 78, cmssw_7_1_x
https://github.com/cms-sw/cmssw/pull/15571/files, https://github.com/cms-sw/cmssw/pull/15570/files, 8, cmssw_8_0_x
https://github.com/cms-sw/cmssw/pull/15342/files, https://github.com/cms-sw/cmssw/pull/15192/files, 1, cmssw_8_0_x
https://github.com/cms-sw/cmssw/pull/15279/files, https://github.com/cms-sw/cmssw/pull/15259/files, 22, cmssw_8_0_x
https://github.com/cms-sw/cmssw/pull/15259/files, https://github.com/cms-sw/cmssw/pull/13594/files, 1, cmssw_8_0_x
https://github.com/cms-sw/cmssw/pull/15240/files, https://github.com/cms-sw/cmssw/pull/13959/files, 7, cmssw_8_0_x
https://github.com/cms-sw/cmssw/pull/15211/files, https://github.com/cms-sw/cmssw/pull/14723/files, 39, cmssw_8_0_x
https://github.com/cms-sw/cmssw/pull/15107/files, https://github.com/cms-sw/cmssw/pull/15106/files, 0, cmssw_8_0_x
https://github.com/cms-sw/cmssw/pull/14987/files, https://github.com/cms-sw/cmssw/pull/14986/files, 0, cmssw_8_0_x
https://github.com/cms-sw/cmssw/pull/14880/files, https://github.com/cms-sw/cmssw/pull/14605/files, 2, cmssw_8_0_x
https://github.com/cms-sw/cmssw/pull/14777/files, https://github.com/cms-sw/cmssw/pull/14758/files, 8, cmssw_8_0_x
https://github.com/cms-sw/cmssw/pull/14758/files, https://github.com/cms-sw/cmssw/pull/14615/files, 0, cmssw_8_0_x
https://github.com/cms-sw/cmssw/pull/14696/files, https://github.com/cms-sw/cmssw/pull/14034/files, 47, cmssw_8_0_x
https://github.com/cms-sw/cmssw/pull/14603/files, https://github.com/cms-sw/cmssw/pull/13839/files, 0, cmssw_8_0_x
https://github.com/cms-sw/cmssw/pull/14593/files, https://github.com/cms-sw/cmssw/pull/14592/files, 0, cmssw_8_0_x
https://github.com/cms-sw/cmssw/pull/13977/files, https://github.com/cms-sw/cmssw/pull/13976/files, 0, cmssw_8_0_x
https://github.com/cms-sw/cmssw/pull/13971/files, https://github.com/cms-sw/cmssw/pull/13966/files, 99, cmssw_8_0_x
https://github.com/cms-sw/cmssw/pull/13865/files, https://github.com/cms-sw/cmssw/pull/13115/files, 100, cmssw_7_6_x
https://github.com/cms-sw/cmssw/pull/13816/files, https://github.com/cms-sw/cmssw/pull/13814/files, 1, cmssw_7_6_x
https://github.com/cms-sw/cmssw/pull/13815/files, https://github.com/cms-sw/cmssw/pull/13814/files, 0, cmssw_8_0_x
https://github.com/cms-sw/cmssw/pull/13686/files, https://github.com/cms-sw/cmssw/pull/13098/files, 97, cmssw_8_0_x
https://github.com/cms-sw/cmssw/pull/12950/files, https://github.com/cms-sw/cmssw/pull/12863/files, 21, cmssw_7_4_x
https://github.com/cms-sw/cmssw/pull/12890/files, https://github.com/cms-sw/cmssw/pull/12863/files, 2, cmssw_7_6_x
https://github.com/cms-sw/cmssw/pull/12773/files, https://github.com/cms-sw/cmssw/pull/12723/files, 0, cmssw_7_6_x
https://github.com/cms-sw/cmssw/pull/12750/files, https://github.com/cms-sw/cmssw/pull/11574/files, 98, cmssw_8_0_x
https://github.com/cms-sw/cmssw/pull/12183/files, https://github.com/cms-sw/cmssw/pull/12176/files, 15, cmssw_7_5_x
https://github.com/cms-sw/cmssw/pull/12180/files, https://github.com/cms-sw/cmssw/pull/12176/files, 15, cmssw_7_6_x
https://github.com/cms-sw/cmssw/pull/12165/files, https://github.com/cms-sw/cmssw/pull/12164/files, 1, cmssw_7_4_x
https://github.com/cms-sw/cmssw/pull/12059/files, https://github.com/cms-sw/cmssw/pull/11685/files, 64, cmssw_7_5_x
https://github.com/cms-sw/cmssw/pull/12013/files, https://github.com/cms-sw/cmssw/pull/11636/files, 100, cmssw_8_0_x
https://github.com/cms-sw/cmssw/pull/11740/files, https://github.com/cms-sw/cmssw/pull/11738/files, 3, cmssw_7_4_x
https://github.com/cms-sw/cmssw/pull/11715/files, https://github.com/cms-sw/cmssw/pull/11307/files, 77, cmssw_7_6_x
https://github.com/cms-sw/cmssw/pull/11665/files, https://github.com/cms-sw/cmssw/pull/10448/files, 1, cmssw_7_5_x
https://github.com/cms-sw/cmssw/pull/11664/files, https://github.com/cms-sw/cmssw/pull/10448/files, 2, cmssw_7_4_x
https://github.com/cms-sw/cmssw/pull/11503/files, https://github.com/cms-sw/cmssw/pull/11501/files, 14, cmssw_7_4_x
https://github.com/cms-sw/cmssw/pull/11502/files, https://github.com/cms-sw/cmssw/pull/11501/files, 14, cmssw_7_5_x
https://github.com/cms-sw/cmssw/pull/11307/files, https://github.com/cms-sw/cmssw/pull/10501/files, 2, cmssw_7_4_x
https://github.com/cms-sw/cmssw/pull/11306/files, https://github.com/cms-sw/cmssw/pull/10501/files, 2, cmssw_7_5_x
https://github.com/cms-sw/cmssw/pull/11092/files, https://github.com/cms-sw/cmssw/pull/10202/files, 0, cmssw_7_5_x
https://github.com/cms-sw/cmssw/pull/10893/files, https://github.com/cms-sw/cmssw/pull/10601/files, 1, cmssw_7_4_x
https://github.com/cms-sw/cmssw/pull/10892/files, https://github.com/cms-sw/cmssw/pull/10601/files, 1, cmssw_7_5_x
https://github.com/cms-sw/cmssw/pull/10551/files, https://github.com/cms-sw/cmssw/pull/10403/files, 69, cmssw_7_4_x
https://github.com/cms-sw/cmssw/pull/10448/files, https://github.com/cms-sw/cmssw/pull/10350/files, 52, cmssw_7_6_x
https://github.com/cms-sw/cmssw/pull/10443/files, https://github.com/cms-sw/cmssw/pull/9117/files, 16, cmssw_7_4_x
https://github.com/cms-sw/cmssw/pull/10245/files, https://github.com/cms-sw/cmssw/pull/9242/files, 9, cmssw_7_4_x
https://github.com/cms-sw/cmssw/pull/10239/files, https://github.com/cms-sw/cmssw/pull/10163/files, 1, cmssw_7_5_x
https://github.com/cms-sw/cmssw/pull/10234/files, https://github.com/cms-sw/cmssw/pull/10163/files, 12, cmssw_7_4_x
https://github.com/cms-sw/cmssw/pull/10044/files, https://github.com/cms-sw/cmssw/pull/10043/files, 2, cmssw_7_5_x
https://github.com/cms-sw/cmssw/pull/10035/files, https://github.com/cms-sw/cmssw/pull/9659/files, 6, cmssw_7_4_x
https://github.com/cms-sw/cmssw/pull/9876/files, https://github.com/cms-sw/cmssw/pull/9797/files, 42, cmssw_7_4_x
https://github.com/cms-sw/cmssw/pull/9786/files, https://github.com/cms-sw/cmssw/pull/9707/files, 100, cmssw_7_5_x
https://github.com/cms-sw/cmssw/pull/9417/files, https://github.com/cms-sw/cmssw/pull/9075/files, 6, cmssw_7_4_x
https://github.com/cms-sw/cmssw/pull/9413/files, https://github.com/cms-sw/cmssw/pull/9075/files, 34, cmssw_7_4_x
https://github.com/cms-sw/cmssw/pull/9382/files, https://github.com/cms-sw/cmssw/pull/9022/files, 4, cmssw_7_4_x
https://github.com/cms-sw/cmssw/pull/9176/files, https://github.com/cms-sw/cmssw/pull/8916/files, 91, cmssw_7_4_x
https://github.com/cms-sw/cmssw/pull/9140/files, https://github.com/cms-sw/cmssw/pull/9091/files, 17, cmssw_6_2_x_slhc
https://github.com/cms-sw/cmssw/pull/9135/files, https://github.com/cms-sw/cmssw/pull/9106/files, 94, cmssw_6_2_x_slhc
https://github.com/cms-sw/cmssw/pull/8953/files, https://github.com/cms-sw/cmssw/pull/8808/files, 100, cmssw_7_4_x
https://github.com/cms-sw/cmssw/pull/8103/files, https://github.com/cms-sw/cmssw/pull/7950/files, 0, cmssw_7_4_x
https://github.com/cms-sw/cmssw/pull/8013/files, https://github.com/cms-sw/cmssw/pull/7950/files, 6, cmssw_7_3_x
https://github.com/cms-sw/cmssw/pull/6547/files, https://github.com/cms-sw/cmssw/pull/6544/files, 99, cmssw_7_3_x
https://github.com/cms-sw/cmssw/pull/5923/files, https://github.com/cms-sw/cmssw/pull/5845/files, 59, cmssw_6_2_x_slhc
https://github.com/cms-sw/cmssw/pull/5715/files, https://github.com/cms-sw/cmssw/pull/5320/files, 6, cmssw_7_2_x
https://github.com/cms-sw/cmssw/pull/5237/files, https://github.com/cms-sw/cmssw/pull/5236/files, 1, cmssw_7_1_x
https://github.com/cms-sw/cmssw/pull/5130/files, https://github.com/cms-sw/cmssw/pull/914/files, 100, cmssw_5_3_x
https://github.com/cms-sw/cmssw/pull/4956/files, https://github.com/cms-sw/cmssw/pull/914/files, 100, cmssw_5_3_x
https://github.com/cms-sw/cmssw/pull/4886/files, https://github.com/cms-sw/cmssw/pull/4885/files, 1, cmssw_7_1_x
https://github.com/cms-sw/cmssw/pull/4397/files, https://github.com/cms-sw/cmssw/pull/4396/files, 0, cmssw_7_1_x
https://github.com/cms-sw/cmssw/pull/3401/files, https://github.com/cms-sw/cmssw/pull/3400/files, 62, cmssw_7_0_x
https://github.com/cms-sw/cmssw/pull/3396/files, https://github.com/cms-sw/cmssw/pull/3385/files, 98, cmssw_6_2_x_slhc
https://github.com/cms-sw/cmssw/pull/3268/files, https://github.com/cms-sw/cmssw/pull/2395/files, 48, cmssw_5_3_x
https://github.com/cms-sw/cmssw/pull/3256/files, https://github.com/cms-sw/cmssw/pull/2395/files, 42, cmssw_7_0_x
https://github.com/cms-sw/cmssw/pull/3139/files, https://github.com/cms-sw/cmssw/pull/2449/files, 9, cmssw_7_0_x
https://github.com/cms-sw/cmssw/pull/3121/files, https://github.com/cms-sw/cmssw/pull/3023/files, 90, cmssw_7_0_x
https://github.com/cms-sw/cmssw/pull/2912/files, https://github.com/cms-sw/cmssw/pull/2910/files, 97, cmssw_7_0_x
https://github.com/cms-sw/cmssw/pull/2728/files, https://github.com/cms-sw/cmssw/pull/2378/files, 28, cmssw_7_0_x
https://github.com/cms-sw/cmssw/pull/2724/files, https://github.com/cms-sw/cmssw/pull/2723/files, 62, cmssw_7_0_x
https://github.com/cms-sw/cmssw/pull/2630/files, https://github.com/cms-sw/cmssw/pull/2389/files, 0, cmssw_7_0_x
https://github.com/cms-sw/cmssw/pull/2608/files, https://github.com/cms-sw/cmssw/pull/2389/files, 1, cmssw_6_2_x_slhc
https://github.com/cms-sw/cmssw/pull/2559/files, https://github.com/cms-sw/cmssw/pull/2378/files, 28, cmssw_7_0_x
https://github.com/cms-sw/cmssw/pull/1589/files, https://github.com/cms-sw/cmssw/pull/1528/files, 37, cmssw_6_2_x
