https://api.github.com/repos/saltstack/salt,56882,bhyve-backport::master,0,merged,Z Release Sodium::master-port::,Port of #47620 to master,31f9f67f649be7f8df4ee10d2dbfee08ee598308::605d3483642f30ee223ed3f7f234542cdeb01c1e::3550223d7ab7fa51c0588ac35462a35e7e30c283::fbe179e544412e6b7595e191e75c5a47d01904da::
https://api.github.com/repos/saltstack/salt,56369,master-fix-salt-ext-gen-backports_abc_import-on-python2::master,0,merged,Z Release Sodium::,"### What does this PR do? This PR fixes an issue when running Salt 3000 with Python 2. The vendor `salt.ext.tornado.gen` module makes use of `backports_abc` when is running with Python 2 and produces an error when Salt if `backports_abc` is not part of the system's installed Python modules: ``` 0ab8bfbf4597:~ # salt-master -l debug Traceback (most recent call last): File ""/usr/bin/salt-master"", line 22, in <module> salt_master() File ""/usr/lib/python2.7/site-packages/salt/scripts.py"", line 96, in salt_master import salt.cli.daemons File ""/usr/lib/python2.7/site-packages/salt/cli/daemons.py"", line 48, in <module> import salt.utils.parsers File ""/usr/lib/python2.7/site-packages/salt/utils/parsers.py"", line 40, in <module> import salt.utils.process File ""/usr/lib/python2.7/site-packages/salt/utils/process.py"", line 38, in <module> from salt.ext.tornado import gen File ""/usr/lib/python2.7/site-packages/salt/ext/tornado/gen.py"", line 118, in <module> from backports_abc import Generator as GeneratorType  # type: ignore ImportError: No module named backports_abc ``` Since `backports_abc` is already provided as `salt.ext.backports_abc`, this PR makes the necessary adjustments in order to avoid the issue and makes `salt-master` to successfully starts. ### Tests written? No ### Commits signed with GPG? Yes",7a13b857fca3441e2e123423689ed5c1c13eab28::9c048e0dedd4d7d9db795ce4525d136f6f816b1a::084b3515323d39469cc457fa7fa73141a63dac65::92d4f03e4e4bd0a5ddfdba540dd47c48b1311c5c::
https://api.github.com/repos/saltstack/salt,52477,win_cmd_2019::2019.2,0,merged,,### What does this PR do? backport bugfix #52472 ### Tests written? Yes ### Commits signed with GPG? No Please review [Salt's Contributing Guide](https://docs.saltstack.com/en/latest/topics/development/contributing.html) for best practices. See GitHub's [page on GPG signing](https://help.github.com/articles/signing-commits-using-gpg/) for more information about signing commits with GPG.,736a43752094213afefdd00f5ef1ccc5b8e67d62::
https://api.github.com/repos/saltstack/salt,52476,win_cmd_2018::2018.3,0,merged,,### What does this PR do? backport bugfix #52472 ### What issues does this PR fix or reference? see #52472 ### Tests written? Yes ### Commits signed with GPG? No Please review [Salt's Contributing Guide](https://docs.saltstack.com/en/latest/topics/development/contributing.html) for best practices. See GitHub's [page on GPG signing](https://help.github.com/articles/signing-commits-using-gpg/) for more information about signing commits with GPG.,0e0c42e204dce003f7da1d4bda14a8331eecf231::
https://api.github.com/repos/saltstack/salt,51637,backport_50887_2018.3::2018.3,0,merged,,### What does this PR do? Backports  https://github.com/saltstack/salt/pull/50887 to 2018.3 ### Tests written? Yes ### Commits signed with GPG? Yes,d8d2b863a5c6bdd446728562ee787a5ffe0cffae::
https://api.github.com/repos/saltstack/salt,50831,bugs/50809_gpg_renderer_fix_fluorine_backbort::fluorine,0,merged,,### What does this PR do? Backport of #50810 to fluorine branch,07ac1ca244fc22c675729962763b814f0704533f::f76e8b87f3afeb609037fcc1707b2cf1ca132b46::
https://api.github.com/repos/saltstack/salt,50592,docs-2017.7::2017.7,0,merged,,"It was causing build errors when SPHINXOPTS=-W is used. This also removes an overline from one of the pillar modules, as it causes a warning on newer sphinx releases.",8127dd5bb40fc266b894c83dd2a6d2a9d42e2d5b::db157766a02fd472473c79022c7c6c300cb2ee4f::
https://api.github.com/repos/saltstack/salt,50379,fluorine-backport::fluorine,0,merged,,Backport of PR #50356 ### What does this PR do? This PR handles cdrom disks devices in the virt module. When updating VMs created outside of salt virt module we would hit problems since these devices can have no attached source. ### What issues does this PR fix or reference? None ### Previous Behavior Run a `virt.update` on a VM that has a cdrom device with no ISO attached. The salt call will fail with a message saying None is not an iterable type. ### New Behavior Running a `virt.update` doesn't trigger an exception and keeps the cdrom (or floppy) device intact. ### Tests written? Yes ### Commits signed with GPG? Yes,9099179b7a0bc38c9666aa169968e3140eb9e035::a75dcb3e9e0422f99e92169cab2e8e2bea9fd89b::99b453360f249dd22de7ff205adb2d9abe117a74::d1ec0da2c0d50a7129120ff135084f296c681fcf::f9b6171aed2a96d13386837e322e4583f14d3943::
https://api.github.com/repos/saltstack/salt,50321,libcloud_dns_2018::2018.3,0,closed,Reviewers Assigned::,"### What does this PR do? See #50296 for previous code review. Started this again from the 2018.3 branch as this is a bugfixVery few people who use Salt think of states in terms of the module namespace. Therefore, instead of ```rst ``salt.states.libcloud_dns`` ``` It should just say: ```rst These states ``` Also, we tend not to put general documentation in the rst file for the module, but rather in the top-level docstring. So instead of here, this paragraph should be in the top-level docstring for `salt/states/libcloud_dns.py`.::",5218b009bd6fa498ddbe0dfa03f40eb44b992a1d::416ed252907a3aa038b98c2cd8fd873078ba243d::745b6b3b3f217b36b0c4b7679525e180d7912b92::ed38901c7ff0aab588ba882d67e3b8ae62888f9c::3bede9a5cab7dd1cd4cc2565fc4d37180a323cc5::95362b89618877c02e7babc86be9bc5e52425f59::5b0d3c90bc01304f0c45d5659ebacfcd1ccd2f4e::de357eb6605427981ead94e6635452e8b2742554::6f03d6be97bc46c0a6a7896e0fdc8fb934f1c769::fb50ffbe96850a43154aa2baff0332c9081577d5::fac26773b1197fd2a5b30eb56062617afd859dfe::d9d10d80133b4e7c4aa91aa38cdc105b256adc95::0b030219076a085ad64f7f5fae01b6bdd933288c::3dceb89655ef608c38e7f806d4f456d52fbd94db::743b484404ef1530abd865b035043b12a482a725::eadc1b0582cdcdb2d44766d671f49584e4b66eb3::78c2c9f6653c0922e7151e4abc794a18c696e1e3::4f0f265688e4cd7becfd62cb47afe918b32d2bbf::ff6c331786abb4f784526989c36b73067005ccfe::883860c3612a35095097287287ef6cbb2ca31332::4945c1cf9eece3bdf910d4db916e61c088e39516::
https://api.github.com/repos/saltstack/salt,50252,backport_fs_fix::2017.7,0,merged,,"### What does this PR do? Backport file cache bug fix found while fixing 2018.3 tests ### Tests written? No ### Commits signed with GPG? YesCould we just do an absolute value here instead?::Originally when we saw age was able to be a negative number I thought it was due to `st_mtime` having greater floating point precision (which could make age negative). Later we found that there are also cases where the system time changes enough to make age negative. I think that means with the `file_mtime > current_time` check we don't need to cast things to `int` in the first place and the comment can be updated. Otherwise, I'd prefer not to use abs since that could result in more cache updates (rather than less). The code would be simpler but less explicit. That is just my $0.02, using abs would work as you say. ::",59ac284efcb76c77824e867f6134d2887063e61b::
https://api.github.com/repos/saltstack/salt,50111,fluorine-backport::fluorine,0,merged,,"### What does this PR do? Backports part of PR #50109 to fluorine. ### What issues does this PR fix or reference? None, referenced so far ### Previous Behavior * `virt.init` always created VM with the default nic or disk profile * `virt.update` gave no way to remove all NICs or disks of a VM ### New Behavior * `virt.init` can now be called with `None` nic or disk profile to create a VM with no network interface or disk. * `virt.update` now makes a difference between `None` for interfaces (or disks) and an empty dict. The empty dict means the user wants no NIC (or disk) as opposed to leaving the current setup unchanged. ### Tests written? Yes ### Commits signed with GPG? Yes",9e61d8630369e12764fdecdd2666c1760e9bb2e9::61937feeb936d119d82816c41ac41d4b62758ec1::
https://api.github.com/repos/saltstack/salt,50037,fluorine-backport::fluorine,0,merged,,### What does this PR do? Backport PR #49994 ### What issues does this PR fix or reference? None ### Previous Behavior The name parameter in `virt.network_info` and `virt.pool_info` where mandatory. The output returned the info as a dict. ### New Behavior The name parameter in `virt.network_info` and `virt.pool_info` is now optional. The output returns dicts following this scheme: { 'thename': previously_return_dict} ### Tests written? Yes ### Commits signed with GPG? Yes,1f903dd1e01a9262d124b0293a2cdb24399e4e83::a6a68d66a42e5d0897c4fbf6d2b005b1d98aec94::ce6faf6f0322f17cb8b1a645aeee00e1d0468abf::
https://api.github.com/repos/saltstack/salt,49540,fluorine-backport::fluorine,0,merged,,Backport of PR #49510,a4d67e9f986e1e738d144a6d559ef27f09c5d3b4::ddaa2ef6168c98c6f359ac6b6766fdaef7d3a7dc::
https://api.github.com/repos/saltstack/salt,49132,bp-49062::2018.3.3,0,merged,ZRELEASED - 2018.3.3::,### What does this PR do? backports PR https://github.com/saltstack/salt/pull/49062,3ab5d282bee1cd3fb787afd3491ab814405d59c7::990fdb6a523dc9d4d1846b37ef97647e9dd0316c::
https://api.github.com/repos/saltstack/salt,49052,isbm-python37-support-2018.3::2018.3,0,merged,ZRELEASED - 2018.3.3::,### What does this PR do? Just backports https://github.com/saltstack/salt/pull/48705,7ec3954bef732ce2242e55aadd9f8f24fd7f00fd::b7da5716240afe1214af71a6a8e1b55e18e9b39b::173f3d7aa80898afbe9050ac9e014c4d50bef12a::69920366ae5f0ba2c851bcc7c3e90b63f9d26218::7a597f19b55755380299f1bb6010d59e52f837fb::35eaebb8a43a5740788668d3ae340a159e6625ac::7d095e0b263671c35c27f4ee4afb6bcacadbfd98::be07f64bc4a2ee3fa2ccfe646e9fdf1336fdadf2::493e48ddb52889fcb282b7747e0f5a9c2b541005::6e77aff69adba0ded366a704bdafb601514faf5d::b9718d3a09787801fddfe9cfb4e09187969fceab::603f94e2a35b38ee9bd8b849b09bb736a8c35b16::2a18e335afaff9631eb1bd4b3ed936afeab7dd54::1107de0decfb563e92ecdf5615791de5710a91cd::05435783365b6146bcaff7f6545b737c098e052b::e8608aa9be3e2c8fa57fedf9fc7d56bbb21c796e::9807e8dbb76ccdf42d079413189f4c60e9d8fef7::7d095491d9968b79c7d7b913ef666819506ac4c9::2c22e794d4e378632641449caecb77f3a13091dd::5c887ac2aee3ae31a74b140b6090530ca4c79fe7::46bafcafef562702a5cafe5dd70087ad5a1046ea::990936992c0d8c7daba1cefc1ffb5bc665214080::31dccc4fdf0abed48d4d225539b228e47b2fb7a3::47078a300f6b3540e924fd47dfb0228cae9933ed::bc85a5fa982dbf5bb4494de485f74edf44a2034a::4386a9ca1f3002ae6facbb05633bb05f16d36cfe::
https://api.github.com/repos/saltstack/salt,49041,ec2_fix::2017.7.8,0,merged,ZRELEASED - 2017.7.8::,### What does this PR do? backports pr #48212 fixes: https://github.com/saltstack/salt-jenkins/issues/1051,cf7f2459b8ce65f9097147f01c1e7293e5005d69::
https://api.github.com/repos/saltstack/salt,47399,isbm-zeromq17-deprecationwarning-2017.7.2-v2::2017.7,0,merged,ZRELEASED - 2017.7.6::,"### What does this PR do? - Backports https://github.com/saltstack/salt/pull/46002 - Adds Tornado 5 fixes - Breaks something, maybe... :wink: ### Tests written? No, this is import-based changes ### Commits signed with GPG? No @gtmanfred @rallytime Here, you have it!Could you clarify why this is changing? Is this just to refactor to the utils module for DRY?::We should be absolutely certain here that this will be backward compatible. ::Style suggestion: Combine these two ""if"" statements into one. eg: ``` if zmq and ZMQ_VERSION_INFO[0] < 17 and tornado.version_info < (5,): zmq.eventloop.ioloop.install() ```::@cachedout because everything ZMQ-related now is only in one place?..::I was actually backporting the other PR. This went alongside with your fixes. Additionally, I added another `if`, because there are other issues fixes are coming soon, something like ""if not zmq-17, but tornado-5"" etc, hence your suggestion will opt out all that.::",ad4b40415cd449d1576a60a72d0e1a1d901b5c03::1fd9af0655b75131d495a2d45c7e2d0b071af720::d50b2b2023bd047976c8bf5612a11993c7497616::af9601e21d34591e796f8d96fbc6fcb086a77bf1::453e83210aa4c4f06ad5645ca4a2fcf1ea300753::cbb26dcb282c4b8d103063bdb7712f47efdaef53::f34a53e029e760a98638bbc11bf9e7a9941903f2::3940667bb9186ac2591ea9015446fea39b2b7130::c8f2cc271d03c144daeb97c988029b6a7219f24c::e2a353cfb057a23fe6e53a0600647b0d64559512::08dee6f5bdc805550efe7f65564f1e962e0ab2b7::457ef7d9a540e94de5c3b2b097205f986605e5a6::05f4d402699378c44aff5e3065448ecf8a5d297c::4bc43124b7400ce538b9033ab074d372bc277864::116e1809fcde3a334b4b7f4f636c0efbaf614474::0b4a17b859ee109d63a6979dd3f4612416e3d857::948368e9a1ca596c5a4646ad59c670a175b8309f::57da54b67636a3dd2c4a3de204e6022513171b1d::4e650c0b44c4c9bc7b99068a238be83afa6d3838::1ece6a5f52e9d2480fbcc794d1efc4f262fe3862::38ceed371d215c07466bf4a49283312755ef3ff4::ef2e0acd665365de494edaa4fb76c8cca24dbf4c::1c90cbdb3c9f8862f80cc71ec61b0db9a4efde40::834b1e4ff0d157706d3443cb200fb6b8471bb38a::164204a9fe9598494bc26992853cf8525bef13af::43b5558b8235defcc2ec13ee49e09e6aff014487::ab5fa34d7cf949a40e86ec5de0435dba4e0e2a4b::296c589f4b1b890435ea294cf4f223a33d25862f::2aab70b1b893bcd15b16b241256bdc95c30c760d::8e377b56534cd4208ed7291d7bebfcd7e2b0aeea::d94c0f0152e826ec73779659bdbcf20d96fd0cd8::98b5629b36a0d34ee0a6f5bf0c57097ac1b37c9a::a36e49fd271143cf4e22cdfc2b979a36878c8265::
https://api.github.com/repos/saltstack/salt,47186,zfs_backport_46933::2018.3,0,merged,,"### What does this PR do? backport of issue 46933, updated ZFS handling from develop  to Salt 2018.3.x ### What issues does this PR fix or reference? https://github.com/saltstack/salt/pull/46933 ### Previous Behavior ### New Behavior Refactored ZFS handling with better normalization of output ### Tests written? Yes ### Commits signed with GPG? No Please review [Salt's Contributing Guide](https://docs.saltstack.com/en/latest/topics/development/contributing.html) for best practices. See GitHub's [page on GPG signing](https://help.github.com/articles/signing-commits-using-gpg/) for more information about signing commits with GPG. We should probably update the Fluorine references, there are a few around I think.::Already went through and changed the Fluorine ref's that applied to versionchanged, but left the ones about things deprecating 2 releases later etc.  Also corrected spelling of Flourine to Fluorine. Are there a few places other than those were is would be appropriate to change Fluorine to 2018.3.1 that I missed ?::This warning will already apply to 2018.3.1 so we should probably update at least this reference. I think I saw a few more. ~~Let me look for them again.~~ looks like it was just this one.::",3f30ab2ed668504f60ab649234d047b2a2b0dac4::b7f8d5a22f4be578449a277654b7b9db1d35c5c2::283359d3159de16cd0306f3705b09ea1e0c73c92::
https://api.github.com/repos/saltstack/salt,47162,bp-47161::2018.3,0,merged,,"One of the commits from #47161 also applies to the 2018.3 branch. The mocked file_roots and pillar_roots should be dicts, not lists. This didn't happen to cause any problems with the test in 2018.3, but it would if the 2018.3 branch changed such that the code being tested here ended up referencing either file_roots or pillar_roots like it does now in develop.",d185f97a47a79987ce36052c87a33492a3a28901::
https://api.github.com/repos/saltstack/salt,45907,fix-grains-backport::2017.7,0,merged,,"A fix recently made to the salt/grains/disks.py was backported to 2017.7, but the fopen function was moved in oxygen and so the function does not exist in 2017.7. This did not make it into 2017.7.3 so there is no need to add this fix to any hotfixes. @rallytime we need to make sure that when merged forward, we use the new salt.utils.files.fopen here.",6cf7e50cc475d5afe0616fc6e65c0f8e15f3d301::
https://api.github.com/repos/saltstack/salt,45501,2017.7.3_line_mixed_line_ends::2017.7.3,0,closed,,Backport of #45498,c88c23ae71eacbfebff722feaea95e32d757401e::
https://api.github.com/repos/saltstack/salt,45294,2017.7::2017.7,0,merged,ZRELEASED - 2017.7.3::,"### What does this PR do? Older version of python need this file to work with tornado when using salt-ssh.  Since you can run a newer version of python3 that has the file as collections.abc, it won't be installed, but it still needs to be included in the thin tarball if the salt-ssh minion is < 3.5 ### What issues does this PR fix or reference? Fixes #44107 ### Tests written? No ### Commits signed with GPG? YesI don't think this change was intended to go here.::Same comment here as well.::This one disables running pylint on anything in the ext/ directory as tom mentioned here. https://github.com/saltstack/salt/pull/45294#issuecomment-356032611 Is there a different way that I could do that?::yeah, this one can be removed::Oh, I am sorry, I missed that comment and got my reviews mixed up. You're right. ++::",8b597a48909796e67a0d4de9c1a44cb176d04ef8::29806e44964f444e34d6fed617820fe9951f73de::3633ceeaa7867be8ceda0f15b791396712a6c538::
https://api.github.com/repos/saltstack/salt,43952,2017.7_add_requisites_to_stateconf::2017.7,0,merged,,Backport of https://github.com/saltstack/salt/pull/43920 pull request Rebased https://github.com/saltstack/salt/pull/43921,89200ff28e9183f0923563321f98fc8efb6bd57d::9994c6467076ea8699ececb27fb1347a67069bd1::
https://api.github.com/repos/saltstack/salt,43921,2017.7.2_add_requisites_to_stateconf::2017.7.2,0,closed,pending-changes::,Backport of https://github.com/saltstack/salt/pull/43920 pull request,949cd5130ec98c3a9cc3fdda93fb38f0d8556f25::
https://api.github.com/repos/saltstack/salt,42795,bp-42744_201611::2016.11,0,merged,,"### What does this PR do? backport #42744 to 2016.11 ### What issues does this PR fix or reference? #42600 ### Previous Behavior If only one ADM template policy was configured, that policy could not be disabled by win_lgpo ### New Behavior A single policy can properly be set to ""Not Configured"" ### Tests written? No Please review [Salt's Contributing Guide](https://docs.saltstack.com/en/latest/topics/development/contributing.html) for best practices.",695f8c1ae41cbcc6675930a379d277fb81edbeac::
https://api.github.com/repos/saltstack/salt,41446,proxy-file::nitrogen,0,merged,Pending Discussion::,- Ports https://github.com/saltstack/salt/pull/41304 into Nitrogen - Adds the proxy service file into the deb package. Ping @dmurphy18 - is this alright from your perspective?,48f47e392511df8d69e2eae063246cdbe37ff38c::ca6b07c415fe770fde67e7b02909742e86fe3062::0c1221ea7b540da4c940e380ec2d331a43afaf0e::
https://api.github.com/repos/saltstack/salt,41319,bp_41307::2016.11,0,merged,,number ### What does this PR do? backport #41307 ### What issues does this PR fix or reference? #41306 ### Previous Behavior Version numbers over 16384 weren't properly packed into the version number ### New Behavior Verion numbers packed properly ### Tests written? No Please review [Salt's Contributing Guide](https://docs.saltstack.com/en/latest/topics/development/contributing.html) for best practices.,4f0aa577a567269a76547749738e9939429da876::
https://api.github.com/repos/saltstack/salt,41303,bp-41301::2016.11,0,merged,,### What does this PR do? backport #41301 to 2016.11 ### What issues does this PR fix or reference? #41291 ### Previous Behavior Some decimal values would cause an exception to occur when attempting to read the data out of the regpol file ### New Behavior Decimal values are properly read out of regpol file ### Tests written? No Please review [Salt's Contributing Guide](https://docs.saltstack.com/en/latest/topics/development/contributing.html) for best practices.,f4b93f9d9a3cc5433b2c181b06bb0ff92e363eaa::
https://api.github.com/repos/saltstack/salt,40785,backport-winexec-selection::2016.11,0,merged,,This is a backport for 2016.11 of the #40716,91cafd50946fb08b81cc3674faca8a02cf4c676b::
https://api.github.com/repos/saltstack/salt,40329,isbm-merge-tops-201611::2016.11,0,merged,,### What does this PR do? Backports previously merged https://github.com/saltstack/salt/pull/40113,a762c9eddae60797edd5b9d31c5bbfffce657d85::
https://api.github.com/repos/saltstack/salt,40255,fix_39976_2016.11::2016.11,0,merged,,### What does this PR do? backport #40253 to 2016.11 branch ### What issues does this PR fix or reference? #39976 ### Previous Behavior Unable to set some Administrative Template policies ### New Behavior Administrative template policies can be set ### Tests written? No Please review [Salt's Contributing Guide](https://docs.saltstack.com/en/latest/topics/development/contributing.html) for best practices.,0e9f5820ccc5f0c2acc189459059d2e72858184e::
https://api.github.com/repos/saltstack/salt,39211,2016.11_pillarenv_saltenv::2016.11,0,closed,,This is a backport of #38404 to 2016.11,f91131b50cc309916e1aaf08fc59b7a5baca4fe3::937b9c569784d65be257e7478193fd774abc39d1::dc5de6ec07d47d2919c47762182b4cfce47e57b7::a64b2d66be4c4dde35452069b5907765acdea62c::b295eebe24484ded90e43016322d04afbfb98bb4::
https://api.github.com/repos/saltstack/salt,38927,debian_doc_fix::2016.11,0,merged,,"### What does this PR do? Update Debian 8 guide to explicitly install `python-systemd/jessie-backports` so latest salt version can be install from `stretch` repo. Could possibly need to be fixed in `Raspbian` but I don't have any way to test against this. ### What issues does this PR fix or reference? Fixes `python-systemd` dependency resolution due to `python-systemd/stretch` depending on libsystemd0 (>= 230): ```bash ~$ apt-get install python-systemd/stretch Reading package lists... Done Building dependency tree Reading state information... Done Selected version '233-1' (Debian:testing [amd64]) for 'python-systemd' Some packages could not be installed. This may mean that you have requested an impossible situation or if you are using the unstable distribution that some required packages have not yet been created or been moved out of Incoming. The following information may help to resolve the situation: The following packages have unmet dependencies: python-systemd : Depends: libsystemd0 (>= 230) but 215-17+deb8u6 is to be installed E: Unable to correct problems, you have held broken packages. ``` ### Previous Behavior Guide from Debian: https://docs.saltstack.com/en/develop/topics/installation/debian.html#installation-debian-raspbian The above guide for installing latest salt in stretch seems to be causing issues: ```bash ~$ echo 'deb http://httpredir.debian.org/debian jessie-backports main' >> /etc/apt/sources.list ~$ echo 'deb http://httpredir.debian.org/debian stretch main' >> /etc/apt/sources.list ~$ echo 'APT::Default-Release ""jessie"";' > /etc/apt/apt.conf.d/10apt ~$ apt-get update ~$ apt-get install python-zmq python-tornado/jessie-backports salt-common/jessie-backports ~$ apt-get install salt-minion/stretch Reading package lists... Done Building dependency tree Reading state information... Done Selected version '2016.11.1+ds-1' (Debian:testing [all]) for 'salt-minion' Some packages could not be installed. This may mean that you have requested an impossible situation or if you are using the unstable distribution that some required packages have not yet been created or been moved out of Incoming. The following information may help to resolve the situation: The following packages have unmet dependencies: salt-minion : Depends: python-systemd but it is not going to be installed or sysvinit-core but it is not going to be installed E: Unable to correct problems, you have held broken packages. ``` ### New Behavior Now salt-minion `2016.11.1+ds-1` installs without issues against stock Debian 8: ```bash ~$ salt-call --local --versions Salt Version: Salt: 2016.11.1 Dependency Versions: cffi: 0.8.6 cherrypy: Not Installed dateutil: 2.2 gitdb: Not Installed gitpython: Not Installed ioflo: Not Installed Jinja2: 2.7.3 libgit2: Not Installed libnacl: Not Installed M2Crypto: Not Installed Mako: Not Installed msgpack-pure: Not Installed msgpack-python: 0.4.2 mysql-python: Not Installed pycparser: 2.10 pycrypto: 2.6.1 pygit2: Not Installed Python: 2.7.9 (default, Jun 29 2016, 13:08:31) python-gnupg: Not Installed PyYAML: 3.11 PyZMQ: 14.4.0 RAET: Not Installed smmap: Not Installed timelib: Not Installed Tornado: 4.4.2 ZMQ: 4.0.5 System Versions: dist: debian 8.7 machine: x86_64 release: 3.16.0-4-amd64 system: Linux version: debian 8.7 ``` ### Tests written? No Please review [Salt's Contributing Guide](https://docs.saltstack.com/en/latest/topics/development/contributing.html) for best practices. CC @dannyleesmith",9cc9c6110d8aab034a4abee390ac7dae55bf0bd5::
https://api.github.com/repos/saltstack/salt,36613,2016.3_36588_fixes::2016.3,0,merged,,### What does this PR do? - Generate pchanges only when `test=True` - Remove uneeded  `ret['pchanges'] = {}` which is set at top of `managed` function ### What issues does this PR fix or reference? - Fix for https://github.com/saltstack/salt/issues/36588 for 2016.3 ### Previous Behavior - Jinja templates were being rendered twice during file.managed. Once to generate pchanges (predictive changes) and once to actually generate the file. ### New Behavior - `pchanges` are only generated when `test=True` ### Tests written? No Tested with jinja template and file.managed on 2016.3 branch in Ubuntu 14.04 LTS.,d9da5cb2d4234b4893546eca57b42e045996cec3::
https://api.github.com/repos/saltstack/salt,34607,isbm-config-reading-exit-2016.3::2016.3,0,merged,pending-changes::,Backport of https://github.com/saltstack/salt/pull/34604,2cf696671fa49a2ac880b32e86911c525ca59fb7::575767022b4544cb702df89cc7e4afb9fc4a21ae::c5de6c8c4ad94c2e9b58b9bc3d844aa2a00049fa::0c2d3511c98a254bb0f22a3e714efbdd29c6a3ea::6b660678fadf7c05e9d1571bedc1991e5d6bcb3c::23d1031a098ae8b23a90c48fae8901faba2dd149::e5f43e671190ced30e20a00cd0740b75cb2c16d0::abd10b5782ae735ff0540e9052bc498076890895::fb7542f920276689e0db30061df632d8e745985a::
https://api.github.com/repos/saltstack/salt,34606,isbm-config-reading-exit-2015.8::2015.8,0,merged,pending-changes::,Backport of https://github.com/saltstack/salt/pull/34604,5e8c0c6bdbaf565f14b24c482cfe3cdf8b9f20d8::30ed728d05bfae358eb8bb09b7acf5a36de4951f::43d965907caf7b52dd5a43bd3dabff190cc0ee78::a84556e5960d88f30d687a82908bc628bd839eb1::67faa56bf14976e7310887ee39c646968895e1ee::0e65cfec91f6bf94a54e67f1044c40ebc47e95f0::86991946475f3edb2e92d8d9637d0e75aeedcbc9::6fc677f1777ed15488bb0e7adf9a4056906ade5c::5f5b802c0ca2a2ba58595ac1c40e53186cf40092::
https://api.github.com/repos/saltstack/salt,33682,backport_33599-2016.03::2016.3,0,merged,,### What does this PR do? backport #33599 to 2016.3 ### What issues does this PR fix or reference? #32916 ### Previous Behavior see #33599 ### New Behavior see #33599 ### Tests written? No,f6daa8940ce0cbd84e1ecf1f58d15fdcf9d8f9c5::
https://api.github.com/repos/saltstack/salt,32851,fix_23714_2016.3::2016.3,0,merged,,"### What does this PR do? backport of #32732 to 2016.3 ### What issues does this PR fix or reference? #23714 -- force flag not being respected ### Previous Behavior if force=true and destination file existed and file hash matched source, file was not copied ### New Behavior source file is copied to destination even if it already exists and hashes match ### Tests written? No",498ed7782eda6846bb43eee8984c07c1d98ca7d6::
https://api.github.com/repos/saltstack/salt,32848,fix_23714_2015.05::2015.5,0,merged,,"### What does this PR do? backport of PR #32732 to 2015.5 to fix #23714 ### What issues does this PR fix or reference? #23714 ### Previous Behavior If force=True, file.copy would not copy the file if the destination file existed and hash matched the source ### New Behavior If force=True and destination file exists, file will be copied even if hashes match ### Tests written? No",721051cb87d944af4e422cb3252278845360dfbb::
https://api.github.com/repos/saltstack/salt,32847,fix_23714_2015.08::2015.8,0,merged,,"### What does this PR do? backport of #32732 to fix issue #23714 -- when force=True, copy the file even if it already exists ### What issues does this PR fix or reference? #23714 ### Previous Behavior if force=True, file.copy state did not copy the file if the file existed and the hashes matched ### New Behavior If force=True and the dest file exists and hash matches the source, still copy the file ### Tests written? No",2bcbbcdea810609ee6c71621aa6de7da93269311::
https://api.github.com/repos/saltstack/salt,28903,hue_dunder_proxy::2015.8,0,closed,Proxy Minion::RIoT::pending-changes::,It has to be a space around `+`. ::Bwuh? ::,3dae8e6e7ddffdf2e1ea03725c92dc08d908dddf::67922ed6d55d4964a7ccb88f0738c977da9fed12::e1d0a1dc236a3bacb4c8e7af20c68452fb4c162d::
https://api.github.com/repos/saltstack/salt,27791,2015.5-postgres-user-groups-backport::2015.5,0,merged,Execution Module::Platform::State Module::,- backport of postgres_user groups functionality - better change reporting for groups change . ``` Changes: ---------- SomeUsername: True ``` ==> ``` Changes: ---------- SomeUsername: ---------- groups: - foo - bar ```,8712bce91a78d0ee7f77e9983ace400ee97bc01a::bc90c5bffecfc2f531e2d5237f8daf19262dbc04::2caf1d21d6d0f44dfb7859cf325e4d9101c82d2a::
https://api.github.com/repos/saltstack/salt,27565,boto_elb_state_vpc_backport::develop,0,closed,pending-changes::,Resolves #27559 backport of my fix in develop,7956b360766c1fb9cca884d4a355c37123f77de4::82c5b1d8fd540929d6c9fbdfb257c681d7680b4c::2c58bab97766e006113c2ba9b3c933ab18478db4::cf0624e8b822df73c163478057403765c2cd2af5::62b6495358949efdebc76adb1552fec17cb7bd7a::36141d226ee6a9ffcea5d22e8e26b6d7c2ac298a::474d7afc956750fb87d6b1fcba0ec87439e94a32::9383d91ff890bd4d3ed5521d67300bf40c5b9fb1::8ec2e921bd82f27edbc3b17f8b84c13b0062c507::b5fe944875f809d4330274db4805b50488518827::bf216c101ea6113fbc721fd1e243b7db5a808548::bd3771e80f1d57dc22dc2a0b57272ffdf1881d5a::a37246692202a976ebd4878d9dbaad9078ee2daf::c2efb291e26e73b312c6b7b1a99d6727ea68c73a::9b6000135c723b454128f2f84b1ae5725903bbc9::588c13783c8aa9bd47ad3b75a58bcc242080418c::f23369300cf1c0715d681bb50170bb7d90832789::1d3925bbfb0b8f351bdcdea2e5254ad529915521::6759f79d6df77f2ad2130b316b46754eb15dbb82::f9a19720de74b05a93961a71d71a5a2d06942c6e::88bb1fbfff6f3e332f774209e5187cf5e4ec158a::5a3be10a3eb8542eda272aedbacc0764518d7100::3746085587f83be3fd227d5b0c2decedbc00ddc3::278ade52d205f882006cb19c74f6416db7d3c2af::adeb1dcad4c6f5d0eda3107be91c3fd55a4c16ed::5262f01325203ddf36c88751070e57f30c723cf3::9d8a3d83037cd497e64bff2e56274236af188d0a::a9fdecada13c93f79608355bb2b3888ff94c6519::42d8127f79012c9ee34b0a5913a52f4f3b494cae::de2f9234d33841171181f12374f0c62ccdc9b7cf::39a4ae5a6c9d79f9d49aef1b538cb5bf02cdaac8::551396564a9b74e43db0a3059411849a3a54e44a::8f9a3cfbaf6ed8c5bab07446aa02ff97d8606ef5::f6cbd81e66d5f164b383531860a104ee43b9cdaa::5dd1b70475ed2e0227a0f88a0f3b94a3afa3e50f::73fa89edf7f5cb164bcb71bdc9250c40a1492a3c::ed6207a438a46558f88bf1da2962a497d5725d3a::4e54a98f5e808fc68200d63969655a15e484a965::a996ea46e26c4e939c50d612b6defbe5b8468627::0bc37c0d41e1a78c117629f39dfc7acde13f9cf1::5e745ad6da3c499a132a2204d54902e9ec96a99c::382a53403fb9ecbfb40c39978f9fd4953cdce36f::a8f2dad1be23b5161ffb830296def503f5b712ab::927874d316c6977881c8fdfd26a76d6291405473::105528720bf3db6c914e4fbaad51029a4b89d207::af656c7e879d9c95762642666ad41fae5020ba00::5de2ee35ab8be5939308a567bea64aadd5c165ce::441241eb90f4cdf2cdf26590c92ddac3144fea00::9c2c028953e8c24bc938c5ef161f40a9bbbc89a2::931f593b5110ae1e88e9defcd0b9c28677af91c2::a214c7f84ee14510078f0ace1def089474f0f559::ee6e0ed057fbb9695b550fef1f34597e2cfb2aac::68d784c3dd0e0bc0dc1ed819c0e8e506d4d75a24::a08951f0fa4593593170d177b5e14335caf3b8fe::6d773f66c327772c0f5efad47179f5d124b07865::c05fa71f91a58fa4bd9ecef38bbff511c3de1d41::2cb0f126960ba3c493c358a5f5813ee7ed1216c3::167fd2304ecd1206cef4bf2a164db527b5806f1b::73b90f155eb8cc5d27e0e2c335a43c9cc2c58c4f::dc8c01ed077294dc923275ec0302fe7c9726330b::163c54505d8d0593f8428f257d2ab74ec3d15174::204e66943ff89405b2cefbd92e18a13d531a0d59::1f3eb1c526171b0ee8d2cab05e182c067bfb6c2e::d9a2dc6bc5212196c9ef5bd05907e93594d02584::78c85fbb31729703452e9f77159ad48ca5a61bdb::9e0fccd543ffc79d0f76ece91f3cf52336886edc::e5de9409c266bd3ac1d60d3a13c37b5724dfdbd0::2a4c11ae24c0032ec10a507317b5eb225fa101a2::1f7ea7c7643294dd415400b4bb768aca1f77cf05::eb76531e968519d57669d873b18694d9e3fbcaef::fd11e0cd953cde7c5cbc8730d4f9d9fd768aef4e::086226d2fe754d356a345b7e37004a767b2bc914::
https://api.github.com/repos/saltstack/salt,26955,s3-pillar-module-cache-fix-2015.5::2015.5,0,merged,Pillar::RIoT::,- fixed broken caching in S3 ext_pillar module (file_md5 was a list) - added debugging messages - static parameters are available as module parameters now,a3b10e8ab16ed4b43aae548755d7fbbc5f00532b::8219acffe7366a75de50732a665f14d0347de38c::
https://api.github.com/repos/saltstack/salt,26297,bugfix-runas-rabbitmqctl-2015.8::2015.8,0,closed,Platform::,"This PR duplicates #26295 as a request to backport the given fix to the 2015.8 branch. # Problem Some rabbitmqctl client commands were executed without honoring the `runas` state keyword, resulting in system commands executed as the minion. States that previously succeeded are now failed by parser error traceback when failing to split by expected tabstops output, wheras the output likely contains some error. # Solution Forward the `runas=None` keyword parameter in the standard pattern for supplementary functions that were introduced by cd0212e8e, `_check_perms_changes` and `_check_tags_changes`. All calls to `__salt__['rabbtimq.(...)']` were audited, no further bugs of this pattern found. # Example Symptom ``` Failure: rabbitmq_user_|-rabbitmq-user-xxx_|-xxx_|-present: An exception occurred in this state: Traceback (most recent call last): File ""/usr/lib/python2.7/site-packages/salt/state.py"", line 1561, in call **cdata['kwargs']) File ""/usr/lib/python2.7/site-packages/salt/states/rabbitmq_user.py"", line 147, in present if _check_tags_changes(name, tags): File ""/usr/lib/python2.7/site-packages/salt/states/rabbitmq_user.py"", line 70, in _check_tags_changes return __salt__['rabbitmq.list_users']()[name] - set(newtags) File ""/usr/lib/python2.7/site-packages/salt/modules/rabbitmq.py"", line 116, in list_users return _output_to_dict(res, func) File ""/usr/lib/python2.7/site-packages/salt/modules/rabbitmq.py"", line 94, in _output_to_dict key, values = row.split('\t', 1) ValueError: need more than 1 value to unpack ```",391c9d5de643ab37dda62e46cd41342418bf5fc3::
https://api.github.com/repos/saltstack/salt,26296,bugfix-runas-rabbitmqctl-2015.5::2015.5,0,merged,Platform::,"This PR duplicates https://github.com/saltstack/salt/pull/26295 as a request to backport the given fix to the 2015.5 branch. # Problem Some rabbitmqctl client commands were executed without honoring the `runas` state keyword, resulting in system commands executed as the minion. States that previously succeeded are now failed by parser error traceback when failing to split by expected tabstops output, wheras the output likely contains some error. # Solution Forward the `runas=None` keyword parameter in the standard pattern for supplementary functions that were introduced by cd0212e8e, `_check_perms_changes` and `_check_tags_changes`. All calls to `__salt__['rabbtimq.(...)']` were audited, no further bugs of this pattern found. # Example Symptom ``` Failure: rabbitmq_user_|-rabbitmq-user-xxx_|-xxx_|-present: An exception occurred in this state: Traceback (most recent call last): File ""/usr/lib/python2.7/site-packages/salt/state.py"", line 1561, in call **cdata['kwargs']) File ""/usr/lib/python2.7/site-packages/salt/states/rabbitmq_user.py"", line 147, in present if _check_tags_changes(name, tags): File ""/usr/lib/python2.7/site-packages/salt/states/rabbitmq_user.py"", line 70, in _check_tags_changes return __salt__['rabbitmq.list_users']()[name] - set(newtags) File ""/usr/lib/python2.7/site-packages/salt/modules/rabbitmq.py"", line 116, in list_users return _output_to_dict(res, func) File ""/usr/lib/python2.7/site-packages/salt/modules/rabbitmq.py"", line 94, in _output_to_dict key, values = row.split('\t', 1) ValueError: need more than 1 value to unpack ```",eb77320786a18bf1f4d4104e57e5d6737cc855bf::
https://api.github.com/repos/saltstack/salt,25426,2015.5::2015.5,0,merged,Execution Module::Platform::,"## Problem Some versions of rabbitmq (v3.4.1) does not output any final ""...done"" line in output of listings, but the given salt code unconditionally removed the final line of output, which may often result in inconsistent behavior of dependent state functions, where the final line has a value that is significant. ## Solution This bugfix changes this output manipulation to be conditional, matching only lines of `""Listing ...""` as the first, and `""...done""` as the last. ## Details In my environment:: ``` [rabbitmq@db01 ~]$ rabbitmqctl list_vhosts Listing vhosts ... / ``` This causes issues in, for example, a vhost is attempted to be created for '/' that already exists, if that vhost happens to be the last one listed in command output, it is thought non-existent, resulting in state failure:: ``` Failure: rabbitmq_vhost_|-rabbitmq-vhost_|-/_|-present: Creating vhost ""/"" ... Error: vhost_already_exists: / ```",005a7ca2a30bf0323e55e36de043d87eeca42a0d::
https://api.github.com/repos/saltstack/salt,25238,pillarenv_backport_2015.5::2015.5,0,merged,Core::Pillar::,Backport of #18808 for 2015.5.4,88ff576f39e74cb063f839f827c584e4b04dd25f::98792eb1790dba9c1ca5a0e880640d8976a377bd::
https://api.github.com/repos/saltstack/salt,25011,s3_2014.7_backport::2014.7,0,merged,RIoT::,"This is a backport of the fix for #15209 into 2014.7. https://github.com/saltstack/salt/pull/19640 Without it, s3 urls broken in file states unless you include the hash via some non-S3 url.",8b8af640f69acc4a37644a3dbbf7f6236fb7f4a0::
https://api.github.com/repos/saltstack/salt,24546,2015.5_backport_tls_changes_from_develop::2015.5,0,closed,,Merging in the develop bugfixes and the filename feature for inclusion in 2015.5.3 This also simplifies maintenance of tls_test as there's only one version that fits both branches. @joejulian this CRITICAL bug needs to be addressed first (#24480) ::,76e258326563c444c6c83645d46de4d05dd12702::9cb70155685b1a5c4e023120ae73c1a76b7283d2::cba8d3f923baeea6417ba111b075836598f0094f::
https://api.github.com/repos/saltstack/salt,24412,bp-23387::2015.5,0,merged,Documentation::,Backport #23387 to 2015.5.,2da13dd52597dcf2547956baf6c73609e6be1fcd::684f291bd4fb57500648042304dd4317e8a67b02::de945638d3124dff13e50caa52f34f098607adf9::375695e69622d102a5495616a2d5ff01e878825b::54a7089fd6d0b82cf4c399e95d238e86a5b821aa::9fff35a959c580ac1024cb53e2e69674301c528c::b27a15e774158dc6935515eaeadafd67d9f88c61::9f53809cde835528483e2317eeaad8ba0953e120::bf85772042651701c4f63ee707e299e256e2d5a9::
https://api.github.com/repos/saltstack/salt,23866,flag_strip::2015.5,0,merged,Tests Passed::,"Includes a backport of #23834.  @Arabus, please review, thanks.",2851a5cf13fd4dcbee6cfe2343b59663bbaec1a2::7576872280137c62749387cbdbd24d6850cb6821::aa032ccfaf1e3862231a50802b43f368cbba5f3d::
https://api.github.com/repos/saltstack/salt,22656,bp-22624::2014.7,0,merged,Tests Passed::,backport #22624 to 2014.7,0a5c345889c23b828da2fd4e7fa0463d21b776c6::e4d8478eae782c6005d6e14262df8b4b96c2fcf5::
https://api.github.com/repos/saltstack/salt,22427,22415_2015_2_gpg_module_fixes::2015.2,0,merged,Tests Passed::,backporting #22422 to 2015.2,d4f485726e7f14bf610d37508f1393eb4bd43fb7::
https://api.github.com/repos/saltstack/salt,22228,20107_2014_7_scheduler_race_condition::2014.7,0,merged,,backporting #22226 to 2014.7,20199351e66c50935b33dfa6b80b8492e2ffe325::
https://api.github.com/repos/saltstack/salt,22227,20107_2015_2_scheduler_race_condition::2015.2,0,merged,,backporting #22226 to 2015.2 #20107,b73573b2d7f5d8ac9fede54ee7c861c2c77781c1::
https://api.github.com/repos/saltstack/salt,22122,bp-20166::2014.7,0,merged,,backport #20166 to 2014.7,6750480707f4cdee5372bf3f637be8fccdffe19d::
https://api.github.com/repos/saltstack/salt,21857,bp-21844::2014.7,0,merged,,backport #21844 to 2014.7,4fe795f66cbb48f6c6bcbd386c75f9f97edda7e8::
https://api.github.com/repos/saltstack/salt,21854,bp-21791::2014.7,0,merged,,backport #21791 to 2014.7,98944e9842ab5772d8a7332bd8d148c22e61c843::fbec10071a1a1a088b8efa68b9feac4c3062f20d::
https://api.github.com/repos/saltstack/salt,21852,bp-21790::2014.7,0,merged,Tests Passed::,backport #21790 to 2014.7,ced2e57165151821e8604f535450493458dddfec::
https://api.github.com/repos/saltstack/salt,21523,bp-21481::2014.7,0,merged,Tests Passed::,backport #21481 to 2014.7,08bd4761df01e3a72aff9750744891f3af2faaac::
https://api.github.com/repos/saltstack/salt,21432,2014.7-fix-21304::2014.7,0,merged,,blkid() was iterating over an empty list before checking it's length. Prevent this by using 'cmd.run_all' instead and checking it's returncode before using the results.,1ff5cc2c703c4bd5cb4a5e077719c15c8ec15800::
https://api.github.com/repos/saltstack/salt,21263,bp_nacl::2015.2,0,merged,Pending Discussion::,I would like to see this in the release because our organization will use it heavily in pillars. If it's too late for the release that's fine. thanks.,2882284dfcb979ea98576d4ef94053634096f016::770bba720c227016b3cacbe9eb51204bb0dec6ab::94637927e080d49ff57689a416fb3d1ba6267efb::
https://api.github.com/repos/saltstack/salt,21262,bp_ipmi::2015.2,0,merged,Pending Discussion::,this one is low priority for me.. but the users might like it in the release,a8051eaf1b63247aba5bb2b369d6bb1caa904b69::d4628e523c9d94ea19a47bf0a5e9ced2fdd9ce97::29354ad3ff1cfb86ce9069f11f4e071cd27e8e21::97fd97ec2e9500ae877c9db569b9fa0969503f74::c976e25b48d845a9b2804ba5288c80ed51e6f819::
https://api.github.com/repos/saltstack/salt,21261,bp_nacl::develop,0,closed,,git cherry-pick f966b340 git cherry-pick 3252c01 git cherry-pick 77177f2,2882284dfcb979ea98576d4ef94053634096f016::770bba720c227016b3cacbe9eb51204bb0dec6ab::94637927e080d49ff57689a416fb3d1ba6267efb::
https://api.github.com/repos/saltstack/salt,21259,bp_ipmi::2015.2,0,closed,,It would be nice to include this IPMI module in the release.,a8051eaf1b63247aba5bb2b369d6bb1caa904b69::d4628e523c9d94ea19a47bf0a5e9ced2fdd9ce97::29354ad3ff1cfb86ce9069f11f4e071cd27e8e21::97fd97ec2e9500ae877c9db569b9fa0969503f74::c976e25b48d845a9b2804ba5288c80ed51e6f819::
https://api.github.com/repos/saltstack/salt,20576,bp-20354::2015.2,0,merged,Tests Passed::,Backport #20354 to 2015.2.  The change to iptables_test.py was omitted since that file does not exist on the 2015.2 branch.,fa447c964084ae38235b61e3f24e2c109f53602f::
https://api.github.com/repos/saltstack/salt,20447,2015.2::2015.2,0,merged,Tests Passed::,"I need to look more closely at this one ::Actually, those 2 lines are now unnecessary. The original implementation of mine was singletons, but they aren't anymore. Meaning this will create an object and then immediately ""clear"" it, but it's already empty ;) ::",e26ff899566b1dd1d0ef24d3363a575556889051::b0e1425fc880a8ba34e1ba6c1d96634c1354d561::e71f7b55e574b149ecc252fa6177c0716c683612::f2688a6deb0a991d98f74088bdd664ee26f0ebab::260feaf764b29ca1f3826bc17853083b9fa26e07::6fc29454d1967012d283f28e2929cc517267ee0f::d8bbce29d35bb5fa1415adbc23980d4c215da0a1::fc6dea06575d151f6c389290802b32da5b543edf::093e3a2351b87dfca627aa17b996887bd5dab15f::627c8085144ee7f50c6b8c076f1f378fa848e738::f9e48c86f32f317d0d3ccd3b7c782dedb64d0772::7cb1f3c996bd6a5d9f83d933a57bc0a36f2057c1::054daa8c4818713637ade8b21f7ca3c82d6c1c35::7ad65233b9d2a2b403d26f793ea0b4297f9a242e::f160f5e1040aa0924eb86636de89e49d11d81db0::73cd9434d0819a4288959a3a9987877a0e16303e::ab22997431787db5f5c18e7ce47c03a75650be7c::fe915e7d30e4cffb4be63b6866d8718cff96914a::a1cfe7e4e2ab3cc2e440f9ee7360cc8334fa7c4c::d1215fdc64a7df4ac87a06c7395fd3f6a9088c5a::98d361d48c32f954d228e874f82b56da407c2eeb::02e219e452f17ab96f9a1f6ec83e1fe2ab36a031::9d31b1bcc351fc8c5c2f09a6c110c9759226c9e6::b5d2584ce67ac7407cd83b61a9fc07d35f9ffb5b::3a499ea778979bbe35d80e477d59972620076c92::34f0f3b8c3c0892727a5ace4f3d79199b90c6407::1ac61e27af88b67939eee21b97fb043778d5d332::decd831458320381aef64daf4cfab44480210366::e25b0e533aca3fd0a023365d6a9c1f3bd842d589::c6f61488105e5900d4dccb1adf25a4486b7f5f4b::1462df65ab9d124ab255b8222b18f68144fcad51::ff18bd2ea938111cdae2c2cf18f4a1843f18baf3::2fa3df97d1d6dbca2394bac9052aad161dd01115::109ba59165615fb7c1fd6683643d8f5242a4d23b::f693ba31ab635eb32de54dc2f5b85f63d184b05f::7ee3e592af69f057c470306df840f9264c2e9a27::55aa213bcad45746e565a946fd69cc40ea4c1ed5::df4dfc66358f1071fe1ad316862e37609b220e05::e1f8ea650f89739b1408fc46c5888b3606819dc1::795fa1241557aed1194bae2ce0351c16920049c6::d1b57764e611c65525ee1eede19eb1b76879516f::a55c155de4a4bc8045eeabef7a836492c65a031c::f47df434e30aaf00ad7e14ada2a8ea6081bed25d::69f3f3dd0ff31139ec88846df084e9416761ec5c::e55919b0d13d17afc09ce5c52eaa9d3db0d6efdb::d539380266587ef7fa5872609254b9ed5b5d87c5::8a1ef674ab9811d8e2dd8fbe5dc439910fcc47f3::3e9f9100e31e0f16d8c0e4985bb591a24dff28ad::728e33a1363c2a81b3b1d283b17996f0d15ce0b7::726f8dc2ac8d155c5998d6b9c793cdf419f77808::1772a280f470a6bf39b45a6a14fab3336b9b2ed3::f7da6364ff7361e357b349b29ac0706a5ae622c0::33488200584a4ea38748c007a97333e82c16edeb::fe2d14108186cf2ae9fb3bca13601a052eb65cfe::9ee188dd903c187ac2dc8be870543617b66ddeef::5ba53611c4bd4f0057677925dfc95fef62e08dce::368e5a8e92ab160e85997889f7288a2aa291d8ba::fb0d46f445c2dca5a20c7e4d1f87a09864b2119b::15a140ece444fee59bf4ba832aa926f9261f8995::bb89068010faf19a7b4ad6e7ae7cf413e321e371::725708a04bde3cf90ec9e80c40c577361f9da47e::ca5eac3936d02640cfc4eadb5c6dba302904aefa::7605ba60a8ea9fa49fdbef8e65ac5bd8f7dcfb37::249096c2924419c5d0ddde97db379b1fbc0b1be1::438ede78ba44702ce723da940fade915a8e66d7e::640aff6378b6f47d68645822fc5c2bb3fd737710::f4abce1d24c20d2dc43980b0821dae8bcd8e296a::
https://api.github.com/repos/saltstack/salt,20401,2015.2::2015.2,0,merged,,,0f1956fd8aa46ce15b3573e6f0e9974208a4e410::1003dfb5362791d5252b9856ab3016792564038c::306f7fec5d756f1692dbd10e09e84d3d018a4ba4::0400a49e22144928002cfef5eb4e8c268169c509::82426885564cd30b3b50ef53c11fd1d06c7aa428::
https://api.github.com/repos/saltstack/salt,20390,eauthgroup17380::2014.7,0,merged,,Fix eauth group authentication (backport of #20281) Fixes #17380,5e897d844229a7bd7f3f1f0eea49c075c667007c::4c3a816c59c9567f9e300f51be03994881202448::
https://api.github.com/repos/saltstack/salt,19938,fix-esky-version-2015.2::2015.2,0,closed,,"""bdist"" doesn't do the right thing in the absence of version files produced by ""sdist"". Run ""sdist"" then extract out the contents of the tarball into place",5d70130cf354e239e0dcaa08009fa749700593a0::
https://api.github.com/repos/saltstack/salt,19937,fix-esky-version-2014.7::2014.7,0,merged,,"""bdist"" doesn't do the right thing in the absence of version files produced by ""sdist"". Run ""sdist"" then extract out the contents of the tarball into place",32c222f8f254ea356558da8bf8c0e3c1cd2498f5::
https://api.github.com/repos/saltstack/salt,19800,cp-19798::2014.1,0,merged,,backport #19798 to 2014.1,44a5c011a0a1f75b37f12c38ce29be9b4818a0bf::
https://api.github.com/repos/saltstack/salt,19186,aptpkg_variable_fix::2014.1,0,merged,,,5df31da50481a1ece6d4c589e540c554630c0fd5::
https://api.github.com/repos/saltstack/salt,16950,fix-module-run::2014.1,0,merged,,cherry-pick of 004f940 fixes I regression I introduced in e75f474,d91205cdfc106dd3b31883d05e32fda6d37f65fa::
https://api.github.com/repos/saltstack/salt,16063,2014.7::2014.7,0,merged,,This includes a week's worth of testing/backporting/fixing. This includes a backport of: - process_manager - mutlisyndic -Multiminion cleanup Fixes: - misc exception cases in process manager - regression in netapi - some log cleanup - localconfig backport (state module) - remove regression of CLI returns - don't fire events on reactor (its currently an infinite recursion) Stray print of left over debugging? ::Why yes it is :) ::,263327c616a7de02d475e7e74e24cb8543bfa58b::1e5ffc99f10f8de313e6d778571f6907f9a44e9e::34240e88ac0c8b326b2d3d74f51fa42a8509d921::e84e287dbfe9b383103214b22ea185eb421cdaea::b903a76628cd8ebabe0747e8222d48fcdd21167f::977e34557c176b5919768e68b974c2d835e75ca3::92679ba3e42f15246d14725f2564857b46831c85::0c74fa243d46070a8c96519eb9d3fd73c3415796::5d2851fa6d7c7bd806ce24ab4d3c8e37269321a2::54b32e6c8a760b96d124016c6208c5fc17127c29::4fac8f7d22575b1925dec84fcbcc7b2f8bf0a1bd::9cae35aad8e434dc4fde4ec4f7ac99d91f4b549d::f668b043294ef360f0725a2d5d04d0185b1c3003::ee5c115f5a15fd4b0e84e3763a666b74596768c8::a04f1044654742e66947ffb5a305770d542521f1::004dd5d9dbea764bcaadde8fb428220f6dfad388::f117d966694b9803be2a79928a3bbf46d513504a::6d59777e51f12b04f793fc7a85901cacb64fa700::36594ff6e5401dd3770fa915564253a11597f889::14124526ce25943f32bf005b029d94442fd72932::74b20cf4a1ad1863cc1ea437b8b89727650cbc69::b01ff588c3514e46f93a33b731951e64c1c2a1f7::c59707add7261b4260eb1f045b06c83058a00ff8::783c502cebfbb8efb4c5f977b212108a63d9651b::7c2a9e9e0e740b1bb3f612cd7738e3fc54b1f835::c8f15230f5dd19df557d53ebbed178225a22fa6d::6b91d539b89828015f3440c66343ae2c26c62522::2075fcde77a500678899ca78266ed18b730169fb::878ebd37f1e066f435c19d5c8b51a75d732a8b56::6e93b3b68081aad16323e099ac4e61d3e626ed4b::6225ae5145efc80c6964e56629609c8b9d0b1e4e::9aac81c476b0cb548027ba556385974252d9c676::e9821e60ebb93bd5009cb1f21c683faf715d03c2::3c3a7391c1230db3b98b0d0c3ca86e6f0d70c5a2::0a40b81689723c311d9df91512d6c7aff6084e6a::
https://api.github.com/repos/saltstack/salt,15814,2014.1::2014.1,0,merged,,"This is the only RHEL7 support I can find that has not been backported to the 2014.1 branch, @SEJeff if you know of anything else please let me know",edfbd041c67c84eff6187246369dafe60ce0df8c::
https://api.github.com/repos/saltstack/salt,15779,hotfix/2014.7-filter-backports-UserWarning::2014.7,0,merged,,,311fb3c5f7f29f49c5aa8acc9f3b4aca882b22a7::
https://api.github.com/repos/saltstack/salt,15669,esky-sdist-2014.1::2014.1,0,merged,,per saltstack/salt#15405,0a046e2875a9c66581e69a2a64e11f2ef2990449::
https://api.github.com/repos/saltstack/salt,15596,smartos-esky-smf-2014.1::2014.1,0,merged,,Some users reported an errror that SMF couldn't find auditconfig despite the fact that the PATH is set correctly. Invoking with the full path seems to fix the issue.,fee958d82a861995529ed83754ba0ef4172dfba8::
https://api.github.com/repos/saltstack/salt,14962,2014.1fixwin::2014.1,0,merged,,DO NOT MERGE I want to run the tests on this and evaluate this solution.,48755302cee8bbf5e2532ac3afa5c62c53466439::cde2a34dedc97ba99fb059032c024f38df6117eb::93ca76695f402e8d3a0a5c1d42eaba4837dd3935::fba52f88e33eda6a06fc11b74a3dc327aa7a2c77::f3b3f3c4f7b518fc959db2224653e54c7cd4e96a::8f0fc65cbcda006ab0c85a4c89f60c837293f507::8d35f0c0d3069512c31cc43026daada9f0f140ea::
https://api.github.com/repos/saltstack/salt,14501,esky-fixes-2014.1::2014.1,0,merged,,Backport of three SmartOS esky improvements I'd been manually applying when running builds. Better to have them actually in the branch.,cd610b9c6384648feaf88b3c6f5e94115e5718ef::2ca966c18866657c966d3722a934cb5d60e4aff6::f0009a57e6761ad8f98c8a2b332871a505be0881::
https://api.github.com/repos/saltstack/salt,14399,2014.7::2014.7,0,merged,,,6dc8d7f0ccabe38aff033a8878b1d1c6e1a5658f::fb4371055064b8945c64a4826ae2c0128651ccdc::
https://api.github.com/repos/saltstack/salt,14316,2014.7::2014.7,0,merged,,,ce0aa21be2bd84cfb72fe63327361db6e2014e85::4195a62681ca2b8c6013177831d994b3fd893c33::049a4fa0911481e60f61f3a67a23623c54e92fd1::
https://api.github.com/repos/saltstack/salt,14315,2014.7::2014.7,0,merged,,,4d692a2eeb6fc36554c299b7620e5a6c85f0d928::dd01f1a413c439914ca6248319d26b20e6721aa3::
https://api.github.com/repos/saltstack/salt,14312,2014.7::2014.7,0,merged,,,dd8f9da26ad33867a376feaf863f24226e71e5d6::eb87333fa7cb030a81cb479bfb5be9090b3566b6::
https://api.github.com/repos/saltstack/salt,14310,2014.7::2014.7,0,merged,,,00495de1bbfcf858e856c3f50a3dabecdb6c77a3::97ee5640e6b993970c01c7062f2ba345acdf3bd6::
https://api.github.com/repos/saltstack/salt,13117,cache-2014::2014.1,0,merged,,Backported for 2014.1,5b9c85cdb6050aca12e844af42691dc6d1ed0682::
https://api.github.com/repos/saltstack/salt,10738,smartos-smf-0.17::0.17,0,merged,,,49e7bdb80aabb56f128331af576aec3d9adc2e98::36af71f72781d0cc66f6d380c979cd910465b9d7::7e19fe0b210866890a1fba8be0c98e2a25bc8658::
https://api.github.com/repos/saltstack/salt,10737,smartos-smf-2014.1::2014.1,0,merged,,,464b58f4951b11c1f9b75e174cc76b16da860664::43f298897c4acbc369af2221eb318716c9cc96d6::e8abd7ef6722a42217b51eb69a836d19b5fa1896::
